{"fmus":{"{controller}":"file:////home/malthet/into-cps-projects/f1tenth/FMUs/controller.fmu","{model}":"file:////home/malthet/into-cps-projects/f1tenth/FMUs/model.fmu","{lidar}":"file:////home/malthet/into-cps-projects/f1tenth/FMUs/rabbitmq-lidar.fmu"},"connections":{"{controller}.c.acceleration":["{model}.m.acceleration","{lidar}.l.acceleration"],"{controller}.c.steer_angle_vel":["{lidar}.l.steer_angle_vel","{model}.m.steer_angle_vel"],"{model}.m.steer_angle":["{controller}.c.steer_angle"],"{model}.m.velocity":["{controller}.c.velocity"],"{lidar}.l.angle":["{controller}.c.angle"],"{lidar}.l.distance":["{controller}.c.distance"]},"parameters":{"{controller}.c.kp_angle":4.5,"{controller}.c.kp_speed":0.6},"liveGraphColumns":1,"liveGraphVisibleRowCount":1,"logVariables":{"{controller}.c":["acceleration","steer_angle_vel","desired_angle"],"{model}.m":["steer_angle","theta","velocity","x","y"],"{lidar}.l":["angle","distance"]},"algorithm":{"type":"fixed-step","size":0.01},"parallelSimulation":true,"stabalizationEnabled":false,"global_absolute_tolerance":0,"global_relative_tolerance":0.01,"simulationProgramDelay":true,"convergenceAttempts":5,"livestream":{"{model}.m":["velocity"]}}