{"fmus":{"{model}":"file:////home/malthet/into-cps-projects/f1tenth/FMUs/model.fmu","{controller}":"file:////home/malthet/into-cps-projects/f1tenth/FMUs/controller.fmu","{odom}":"file:////home/malthet/into-cps-projects/f1tenth/FMUs/rabbitmq-odom.fmu","{rabbit}":"file:////home/malthet/into-cps-projects/f1tenth/FMUs/rabbitmq-v2.1.3.fmu"},"connections":{"{model}.m.steer_angle":["{controller}.c.steer_angle"],"{model}.m.velocity":["{controller}.c.velocity"],"{controller}.c.acceleration":["{model}.m.acceleration","{rabbit}.r.acceleration"],"{controller}.c.steer_angle_vel":["{model}.m.steer_angle_vel","{rabbit}.r.steer_angle_vel"],"{rabbit}.r.angle":["{controller}.c.angle"],"{rabbit}.r.distance":["{controller}.c.distance"]},"parameters":{},"liveGraphColumns":1,"liveGraphVisibleRowCount":1,"logVariables":{"{model}.m":["y","x"]},"algorithm":{"type":"fixed-step","size":0.01},"parallelSimulation":false,"stabalizationEnabled":false,"global_absolute_tolerance":0,"global_relative_tolerance":0.01,"simulationProgramDelay":false,"convergenceAttempts":5,"livestream":{"{model}.m":["x"]}}