time,step-size,{controller}.c.acceleration,{controller}.c.steer_angle_vel,{model}.m.steer_angle,{model}.m.velocity,{rabbitmq}.r.angle,{rabbitmq}.r.distance
0.0,0.0,0.0,0.0,0.0,0.0,0.06399540590645869,11.85930633544922
0.01,0.01,1.185930633544922,0.0063995405906458695,0.0,0.0,0.05235987755982996,11.875558853149414
0.02,0.01,1.1875558853149415,0.005235987755982996,6.39954059064587E-5,0.01185930633544922,-0.04654211338651559,11.860673904418944
0.03,0.01,1.1848814598083495,-0.004660610879242205,1.1635528346628866E-4,0.023734865188598638,-0.04654211338651559,11.854045867919922
0.04,0.01,1.1830311002731324,-0.004665846866998189,6.97491746738666E-5,0.03558367978668213,0.058177641733144325,11.85200309753418
0.05,0.01,1.1816419417747497,0.005810789255847046,2.3090706003884705E-5,0.047413990789413454,-0.05235987755982996,11.867609024047852
0.060000000000000005,0.01,1.1820195033258438,-0.005238296826583385,8.119859856235516E-5,0.05923041020716095,-0.05235987755982996,11.867609024047852
0.07,0.01,1.180837861384069,-0.005244107615839232,2.881563029652131E-5,0.0710506052404194,-0.058177641733144325,11.855254173278809
0.08,0.01,1.178420356803839,-0.005820645736344085,-2.362544586187101E-5,0.08285898385426009,-0.058177641733144325,11.856609344482422
0.09,0.01,1.1773750360628161,-0.005815401628728246,-8.183190322531185E-5,0.09464318742229848,0.058177641733144325,11.85118007659912
0.09999999999999999,0.01,1.1756536889176823,0.005825947363636964,-1.3998591951259432E-4,0.10641693778292664,-0.058177641733144325,11.85986328125
0.10999999999999999,0.01,1.1753446343467073,-0.0058037655813631735,-8.172644587622468E-5,0.11817347467210347,0.06399540590645869,11.856012344360352
0.11999999999999998,0.01,1.1737838869688249,0.006407713235233492,-1.3976410168985642E-4,0.12992692101557055,0.06399540590645869,11.856012344360352
0.12999999999999998,0.01,1.172608542334478,0.006413517000814855,-7.56869693375215E-5,0.14166475988525878,-0.06981317007977328,11.85947036743164
0.13999999999999999,0.01,1.171780560754638,-0.006973748311043576,-1.1551799329372953E-5,0.15339084530860356,0.06399540590645869,11.87438678741455
0.15,0.01,1.1720995942105947,0.006400695770578807,-8.128928243980872E-5,0.16510865091614993,0.06399540590645869,11.85007381439209
0.16,0.01,1.168496516347594,0.00640766951888985,-1.7282324734020654E-5,0.17682964685825586,-0.06981317007977328,11.849379539489746
0.17,0.01,1.1672549892631492,-0.006979588775503926,4.6794370454877846E-5,0.1885146120217318,-0.06399540590645869,11.850122451782228
0.18000000000000002,0.01,1.1661607839760497,-0.006404220027691357,-2.3001517300161412E-5,0.2001871619143633,-0.040724349213201005,11.843306541442873
0.19000000000000003,0.01,1.164311937952851,-0.004070134769590085,-8.704371757707499E-5,0.2118487697541238,-0.06399540590645869,11.850629806518556
0.20000000000000004,0.01,1.1638781036764434,-0.0063908362188881615,-1.2774506527297584E-4,0.2234918891336523,-0.07563093425308764,11.857316970825195
0.21000000000000005,0.01,1.1633825081691542,-0.007550318918781467,-1.9165342746185746E-4,0.23513067017041675,-0.07563093425308764,11.857316970825195
0.22000000000000006,0.01,1.162218630065478,-0.007543928082562579,-2.6715661664967214E-4,0.2467644952521083,-0.07563093425308764,11.847431182861328
0.23000000000000007,0.01,1.160066668760922,-0.007536377763643798,-3.425958974752979E-4,0.25838668155276306,-0.07563093425308764,11.84034538269043
0.24000000000000007,0.01,1.1581958701137667,-0.007528833835561234,-4.179596751117359E-4,0.2699873482403723,-0.07563093425308764,11.84034538269043
0.25000000000000006,0.01,1.157035803445006,-0.007521297457797591,-4.932480134673483E-4,0.28156930694150994,-0.05235987755982996,11.833664894104004
0.26000000000000006,0.01,1.1552095587162494,-0.005186662954636261,-5.684609880453242E-4,0.29313966497596,-0.05235987755982996,11.815804481506348
0.2700000000000001,0.01,1.1522664816530388,-0.0051791416571784635,-6.203276175916868E-4,0.30469176056312247,0.02908882086657205,11.812994003295898
0.2800000000000001,0.01,1.1508302242732777,0.002970914848416374,-6.721190341634714E-4,0.3162144253796529,0.005817764173314366,11.823522567749023
0.2900000000000001,0.01,1.150730814236937,0.0,-6.424098856793077E-4,0.3277227276223857,0.040724349213201005,11.82838535308838
0.3000000000000001,0.01,1.1500662625465996,0.0041366759098880315,-6.424098856793077E-4,0.3392300357647551,-0.06981317007977328,11.810340881347656
0.3100000000000001,0.01,1.1471110845582901,-0.006917076019409398,-6.010431265804273E-4,0.3507306983902211,-0.06399540590645869,11.80904769897461
0.3200000000000001,0.01,1.1458317000584388,-0.006339436277987828,-6.702138867745213E-4,0.362201809235804,-0.058177641733144325,11.804281234741213
0.3300000000000001,0.01,1.144207942550541,-0.00575074278463698,-7.336082495543997E-4,0.37366012623638833,-0.06981317007977328,11.822495460510254
0.34000000000000014,0.01,1.1448835334273866,-0.006907956183021888,-7.911156774007695E-4,0.38510220566189374,-0.06399540590645869,11.816291809082031
0.35000000000000014,0.01,1.1431189603420138,-0.0063204290229057925,-8.601952392309883E-4,0.3965510409961676,-0.058177641733144325,11.807268142700195
0.36000000000000015,0.01,1.1410717101704029,-0.005731744649391334,-9.233995294600462E-4,0.40798223059958777,-0.06399540590645869,11.780454635620115
0.37000000000000016,0.01,1.1372472405020528,-0.006307200637699864,-9.807169759539595E-4,0.4193929477012918,-0.07563093425308764,11.783963203430176
0.38000000000000017,0.01,1.1364570255728885,-0.007465021727713368,-0.0010437889823309583,0.43076542010631236,-0.07563093425308764,11.788325309753418
0.3900000000000002,0.01,1.1357559889647106,-0.0074587145270756695,-0.001118439199608092,0.44212999036204126,-0.07563093425308764,11.793843269348145
0.4000000000000002,0.01,1.1351713278986104,-0.007451249505347955,-0.0011930263448788486,0.45348755025168835,-0.07563093425308764,11.783231735229492
0.4100000000000002,0.01,1.1329744184977804,-0.00744379079082088,-0.0012675388399323282,0.46483926353067445,-0.06981317007977328,11.783011436462402
0.4200000000000002,0.01,1.1318172172931729,-0.006854563123984095,-0.001341976747840537,0.47616900771565224,-0.06981317007977328,11.783011436462402
0.4300000000000002,0.01,1.130684242874675,-0.006847119333193275,-0.001410522379080378,0.487487179888584,0.03490658503988664,11.761672019958496
0.4400000000000002,0.01,1.1274184840069912,0.003631710741896702,-0.0014789935724123108,0.4987940223173307,0.06399540590645869,11.766766548156738
0.45000000000000023,0.01,1.126797252583941,0.006547439947887101,-0.0014426764649933437,0.5100682071574006,0.06399540590645869,11.769667625427246
0.46000000000000024,0.01,1.1259599418269846,0.0065438082371452036,-0.0013772020655144726,0.5213361796832401,0.058177641733144325,11.758319854736328
0.47000000000000025,0.01,1.1236983675053087,0.00595548437986588,-0.0013117639831430206,0.5325957791015099,-0.06399540590645869,11.748894691467283
0.48000000000000026,0.01,1.1216298912365774,-0.006268364192331568,-0.0012522091393443618,0.543832762776563,-0.06399540590645869,11.748894691467283
0.49000000000000027,0.01,1.120506192869072,-0.006274319676711434,-0.0013148927812676775,0.5550490616889288,-0.04654211338651559,11.740546226501465
0.5000000000000002,0.01,1.1185497164812537,-0.004522722060524792,-0.001377635978034792,0.5662541236176195,-0.07563093425308764,11.732284545898438
0.5100000000000002,0.01,1.1166030422280817,-0.007425329827505285,-0.0014228631986400399,0.577439620782432,-0.06981317007977328,11.72450351715088
0.5200000000000002,0.01,1.114706389636845,-0.0068390306881133235,-0.0014971164969150928,0.5886056512047129,-0.07563093425308764,11.732195854187012
0.5300000000000002,0.01,1.1143590202982299,-0.007413381775617255,-0.0015655068037962261,0.5997527151010813,0.03490658503988664,11.714628219604492
0.5400000000000003,0.01,1.1114875504503412,0.0036472091843682865,-0.0016396406215523987,0.6108963053040636,0.03490658503988664,11.714628219604492
0.5500000000000003,0.01,1.110373191430043,0.003654622566143904,-0.0016031685297087158,0.622011180808567,-0.04654211338651559,11.708085060119627
0.5600000000000003,0.01,1.108607387931106,-0.0044938944856806875,-0.0015666223040472767,0.6331149127228675,0.06399540590645869,11.693394660949709
0.5700000000000003,0.01,1.1060279748226842,0.006556202821050597,-0.0016115612489040836,0.6442009866021785,-0.06981317007977328,11.675888061523438
0.5800000000000003,0.01,1.103168707492126,-0.006820160883086919,-0.0015459992206935777,0.6552612663504054,-0.08144869842640201,11.697904586791992
0.5900000000000003,0.01,1.1042643320441587,-0.007990269920570843,-0.0016142008295244468,0.6662929534253267,-0.058177641733144325,11.71043872833252
0.6000000000000003,0.01,1.1044145774907193,-0.0056563440903619885,-0.0016941035287301553,0.6773355967457683,-0.08144869842640201,11.6947603225708
0.6100000000000003,0.01,1.1017424725825034,-0.007975459489767186,-0.0017506669696337753,0.6883797425206755,-0.06981317007977328,11.683533668518066
0.6200000000000003,0.01,1.0995153925997392,-0.0068062503110139505,-0.0018304215645314472,0.6993971672465005,0.040724349213201005,11.663646697998049
0.6300000000000003,0.01,1.0964249530751549,0.004255477077773246,-0.0018984840676415868,0.7103923211724978,0.05235987755982996,11.657804489135742
0.6400000000000003,0.01,1.0947412167963246,0.005425836162747155,-0.0018559292968638543,0.7213565707032494,-0.07563093425308764,11.650768280029297
0.6500000000000004,0.01,1.0929411709326047,-0.007377500495622379,-0.0018016709352363827,0.7323039828712127,-0.06981317007977328,11.636337280273438
0.6600000000000004,0.01,1.0904033297402227,-0.00680114991445369,-0.0018754459401926064,0.7432333945805387,-0.06981317007977328,11.636337280273438
0.6700000000000004,0.01,1.0893103885692899,-0.0067937724139580675,-0.0019434574393371433,0.7541374278779409,-0.08144869842640201,11.642349243164062
0.6800000000000004,0.01,1.0888211815286122,-0.007950524098706486,-0.002011395163476724,0.7650305317636338,-0.058177641733144325,11.61927604675293
0.6900000000000004,0.01,1.0854245514989296,-0.00561662465696676,-0.002090900404463789,0.7759187435789199,-0.07563093425308764,11.626673698425291
0.7000000000000004,0.01,1.085075495484637,-0.007354003384862386,-0.0021470666510334567,0.7867729890939091,-0.058177641733144325,11.605706214904783
0.7100000000000004,0.01,1.0818933225810874,-0.005603057508211087,-0.0022206066848820807,0.7976237440487555,-0.058177641733144325,11.59503173828125
0.7200000000000004,0.01,1.0797407994232495,-0.005595703504826225,-0.0022766372599641914,0.8084426772745663,-0.058177641733144325,11.59503173828125
0.7300000000000004,0.01,1.0786589061006684,-0.005590100447318013,-0.0023325942950124536,0.8192400852687988,-0.08144869842640201,11.585415840148926
0.7400000000000004,0.01,1.0766175754880127,-0.007911610413138957,-0.002388495299485634,0.8300266743298055,-0.06981317007977328,11.575793266296388
0.7500000000000004,0.01,1.0745766591966583,-0.006742467478028764,-0.0024676114036170232,0.8407928500846856,-0.06981317007977328,11.575793266296388
0.7600000000000005,0.01,1.0735000416211704,-0.006734555867615626,-0.002535036078397311,0.8515386166766522,-0.07563093425308764,11.56441879272461
0.7700000000000005,0.01,1.0712880176047956,-0.007309589817469034,-0.0026023816370734673,0.8622736170928639,-0.07563093425308764,11.562049865722656
0.7800000000000005,0.01,1.0699776248629793,-0.007302855261601418,-0.0026754775352481578,0.8729864972689119,0.058177641733144325,11.54969882965088
0.7900000000000005,0.01,1.067671233238197,0.006085311926839249,-0.002748506087864172,0.8836862735175417,-0.08144869842640201,11.534991264343262
0.8000000000000005,0.01,1.065130499082572,-0.007870019233853784,-0.0026876529685957795,0.8943629858499237,-0.0872664625997166,11.52275276184082
0.8100000000000005,0.01,1.0628389775990896,-0.008457880963112082,-0.0027663531609343176,0.9050142908407494,-0.0872664625997166,11.532392501831056
0.8200000000000005,0.01,1.0627378210990306,-0.008450010943878228,-0.0028509319705654385,0.9156426806167403,-0.07563093425308764,11.5118989944458
0.8300000000000005,0.01,1.0596256313829062,-0.0072780002282522216,-0.0029354320800042207,0.9262700588277306,-0.07563093425308764,11.50406265258789
0.8400000000000005,0.01,1.057779259376016,-0.007269550217308342,-0.003008212082286743,0.9368663151415597,-0.07563093425308764,11.50406265258789
0.8500000000000005,0.01,1.0567196337446332,-0.00726227221708009,-0.0030809075844598264,0.9474441077353198,-0.0872664625997166,11.49770736694336
0.8600000000000005,0.01,1.055026325920804,-0.008418555501525678,-0.0031535303066306274,0.9580113040727661,-0.0872664625997166,11.505773544311523
0.8700000000000006,0.01,1.0547762240238758,-0.008411293229308598,-0.0032377158616458844,0.9685615673319742,-0.08144869842640201,11.473447799682615
0.8800000000000006,0.01,1.050488623235064,-0.007821098256475614,-0.0033218287939389703,0.979109329572213,-0.08144869842640201,11.45405387878418
0.8900000000000006,0.01,1.0474944549211969,-0.007812686963246305,-0.0034000397765037264,0.9896142158045637,-0.07563093425308764,11.450366020202637
0.9000000000000006,0.01,1.0460751804398074,-0.0072230894476583915,-0.0034781666461361897,1.0000891603537756,-0.07563093425308764,11.450366020202637
0.9100000000000006,0.01,1.0450276859848862,-0.007215276760695145,-0.0035503975406127736,1.0105499121581736,-0.058177641733144325,11.435891151428224
0.9200000000000006,0.01,1.0425341239270052,-0.005462724419253155,-0.003622550308219725,1.0210001890180225,0.06399540590645869,11.417381286621094
0.9300000000000006,0.01,1.0396381097603073,0.006761795621467843,-0.0036771775524122564,1.0314255302572926,-0.08144869842640201,11.415818214416504
0.9400000000000006,0.01,1.0384392684159212,-0.007777152087398976,-0.003609559596197578,1.0418219113548957,0.05235987755982996,11.396099090576172
0.9500000000000006,0.01,1.0354277179221276,0.005596943715602754,-0.0036873311170715676,1.0522063040390548,-0.0872664625997166,11.393950462341309
0.9600000000000006,0.01,1.0341744158302253,-0.008357913148264505,-0.00363136167991554,1.0625605812182761,-0.0872664625997166,11.393950462341309
0.9700000000000006,0.01,1.0331389881123032,-0.008363510091980107,-0.003714940811398185,1.0729023253765784,0.04654211338651537,11.362175941467283
0.9800000000000006,0.01,1.0289273616090706,0.005025705419791356,-0.003798575912317986,1.0832337152577014,0.058177641733144325,11.345927238464355
0.9900000000000007,0.01,1.0262693523206654,0.006197621764546231,-0.0037483188581200724,1.093522988873792,-0.04654211338651559,11.331908226013184
1.0000000000000007,0.01,1.0238385237139391,-0.004279379452839552,-0.00368634264047461,1.1037856823969987,-0.09308422677303096,11.33654499053955
1.0100000000000007,0.01,1.0232759308142552,-0.008939788413255635,-0.0037291364350030055,1.1140240676341382,0.05235987755982996,11.323934555053713
1.0200000000000007,0.01,1.0209910487419573,0.005608901399483297,-0.003818534319135562,1.1242568269422808,0.05235987755982996,11.323934555053713
1.0300000000000007,0.01,1.0199677728111431,0.005617841187896553,-0.0037624453051407288,1.1344667374297004,-0.09308422677303096,11.310957908630373
1.0400000000000007,0.01,1.0176491171200672,-0.008932178146789023,-0.0037062668932617633,1.1446664151578119,-0.0872664625997166,11.292519569396973
1.0500000000000007,0.01,1.0147853154239161,-0.008356019570645483,-0.0037955886747296536,1.1548429063290124,-0.08144869842640201,11.300158500671388
1.0600000000000007,0.01,1.0145315594342377,-0.007765310975167236,-0.0038791488704361084,1.1649907594832516,-0.09308422677303096,11.282344818115234
1.0700000000000007,0.01,1.0117354058631984,-0.008920507790259486,-0.003956801980187781,1.1751360750775939,-0.08144869842640201,11.259882926940918
1.0800000000000007,0.01,1.0084746851863324,-0.007749189644621424,-0.004046007058090376,1.1852534291362258,-0.08144869842640201,11.259882926940918
1.0900000000000007,0.01,1.0074629497804692,-0.007740269136831165,-0.00412349895453659,1.195338175988089,-0.09308422677303096,11.240589141845703
1.1000000000000008,0.01,1.0045250965857615,-0.008896072781849437,-0.0042009016459049016,1.2054128054858937,-0.0872664625997166,11.233169555664062
1.1100000000000008,0.01,1.002775675017817,-0.00830655609538117,-0.004289862373723396,1.2154580564517512,0.058177641733144325,11.202662467956545
1.1200000000000008,0.01,0.9987204411504793,0.0062467504106867725,-0.004372927934677208,1.2254858132019293,0.04654211338651537,11.197543144226074
1.1300000000000008,0.01,0.9972057331024144,0.005091504132119258,-0.00431046043057034,1.235473017613434,-0.09308422677303096,11.201573371887209
1.1400000000000008,0.01,0.9966100354273775,-0.008877376634246063,-0.004259545389249148,1.2454450749444583,-0.09308422677303096,11.201573371887209
1.1500000000000008,0.01,0.9956128296942751,-0.008882468138378181,-0.004348319155591608,1.255411175298732,0.05235987755982996,11.161020278930664
1.1600000000000008,0.01,0.9905609103631932,0.005670819671542157,-0.00443714383697539,1.2653673035956747,0.05235987755982996,11.161020278930664
1.1700000000000008,0.01,0.989565297533499,0.005679702139680535,-0.0043804356402599685,1.2752729126993068,-0.08144869842640201,11.149747848510742
1.1800000000000008,0.01,0.9874474935811435,-0.007706826278614205,-0.004323638618863163,1.2851685656746417,-0.09890199094634532,11.132622718811035
1.1900000000000008,0.01,0.9847454153136393,-0.009457835232748216,-0.0044007068816493055,1.2950430406104532,-0.06981317007977328,11.117236137390137
1.2000000000000008,0.01,0.9822193096779683,-0.0065412463198123985,-0.0044952852339767875,1.3048904947635895,-0.06981317007977328,11.117236137390137
1.2100000000000009,0.01,0.9812345642626547,-0.00653178848457965,-0.004560697697174911,1.3147126878603692,-0.0872664625997166,11.084230422973633
1.2200000000000009,0.01,0.9769517735113263,-0.008270576490254169,-0.0046260155820207075,1.3245250335029957,-0.09890199094634532,11.107523918151855
1.2300000000000009,0.01,0.978299888464886,-0.009427597536432462,-0.00470872134692325,1.334294551238109,-0.09890199094634532,11.107523918151855
1.2400000000000009,0.01,0.9773229366913747,-0.009419326959942208,-0.004802997322287574,1.344077550122758,0.05235987755982996,11.052696228027344
1.2500000000000009,0.01,0.9708618677904586,0.005716287488211754,-0.004897190591886996,1.3538507794896717,-0.10471975511965992,11.043540000915527
1.260000000000001,0.01,0.9689689221425856,-0.009982256452777293,-0.004840027717004878,1.3635593981675762,-0.10471975511965992,11.043540000915527
1.270000000000001,0.01,0.9679980602747952,-0.009987972740265505,-0.004939850281532651,1.373249087389002,-0.09308422677303096,11.037069320678713
1.280000000000001,0.01,0.966382023328971,-0.00881443764914983,-0.0050397300089353066,1.3829290679917499,-0.09890199094634532,11.00704860687256
1.290000000000001,0.01,0.9624119538880811,-0.009386226093741002,-0.005127874385426805,1.3925928882250396,-0.09308422677303096,10.990927696228027
1.300000000000001,0.01,0.9598334808002988,-0.008795635238760416,-0.005221736646364215,1.4022170077639204,-0.10471975511965992,10.980859756469728
1.310000000000001,0.01,0.9578642748705808,-0.00994980184732957,-0.0053096929987518195,1.4118153425719235,-0.10471975511965992,10.98037052154541
1.320000000000001,0.01,0.9568555178973487,-0.00994100621209081,-0.005409191017225115,1.4213939853206294,-0.040724349213201005,10.937230110168455
1.330000000000001,0.01,0.9515836124847827,-0.003531515819597589,-0.005508601079346023,1.430962540499603,-0.10471975511965992,10.943734169006348
1.340000000000001,0.01,0.9512771628506744,-0.009921115404031391,-0.0055439162375419985,1.4404783766244507,0.01745329251994332,10.913323402404783
1.350000000000001,0.01,0.9472845025780332,0.002299720875748532,-0.005643127391582312,1.4499911482529575,-0.10471975511965992,10.895174026489258
1.360000000000001,0.01,0.9445182878236301,-0.009907662772807762,-0.0056201301828248265,1.4594639932787379,-0.10471975511965992,10.883896827697754
1.370000000000001,0.01,0.9424432834419015,-0.00990996249368351,-0.005719206810552904,1.4689091761569741,0.040724349213201005,10.869378089904783
1.380000000000001,0.01,0.940046891374781,0.004644355602375391,-0.005818306435489739,1.4783336089913932,-0.09308422677303096,10.865845680236816
1.390000000000001,0.01,0.9387512071245423,-0.008726592033754123,-0.005771862879465985,1.4877340779051411,-0.09308422677303096,10.841021537780762
1.400000000000001,0.01,0.9353287459875621,-0.008731236389356498,-0.005859128799803526,1.4971215899763866,-0.0872664625997166,10.83400535583496
1.410000000000001,0.01,0.9336883765858573,-0.008140733379991308,-0.005946441163697091,1.5064748774362622,-0.10471975511965992,10.8150053024292
1.420000000000001,0.01,0.9308530424992938,-0.009877331395596283,-0.006027848497497004,1.5158117612021207,0.04654211338651537,10.81370449066162
1.430000000000001,0.01,0.9297892729459498,0.005256996188401238,-0.006126621811452967,1.5251202916271136,-0.11053751929297428,10.810240745544434
1.440000000000001,0.01,0.9285120453917322,-0.010441089748152131,-0.006074051849568955,1.5344181843565732,0.03490658503988664,10.75772190093994
1.450000000000001,0.01,0.9223303716583366,0.004098063688945559,-0.006178462747050476,1.5437033048104905,-0.10471975511965992,10.7719087600708
1.460000000000001,0.01,0.9228205455260311,-0.009854129237260945,-0.006137482110161021,1.5529266085270739,-0.11053751929297428,10.75863265991211
1.470000000000001,0.01,0.9205706051385036,-0.010440003718281327,-0.00623602340253363,1.5621548139823342,-0.09308422677303096,10.728766441345217
1.480000000000001,0.01,0.9166611627362884,-0.008684820337049735,-0.006340423439716443,1.5713605200337193,0.03490658503988664,10.707914352416992
1.490000000000001,0.01,0.9136553832383273,0.004124700847960308,-0.0064272716430869405,1.5805271316610823,-0.11053751929297428,10.69207763671875
1.500000000000001,0.01,0.9111550505057668,-0.010411024764988735,-0.006386024634607338,1.5896636854934656,-0.11635528346628864,10.672545433044434
1.5100000000000011,0.01,0.9082881747550968,-0.01099692588316813,-0.0064901348822572254,1.5987752359985232,0.040724349213201005,10.66521453857422
1.5200000000000011,0.01,0.9066439302575697,0.004721448409545824,-0.006600104141088907,1.6078581177460742,-0.09308422677303096,10.65219020843506
1.5300000000000011,0.01,0.9044332090688987,-0.008648412263194205,-0.0065528896569934485,1.61692455704865,-0.10471975511965992,10.638334274291992
1.5400000000000011,0.01,0.9021409717243343,-0.009816686546266648,-0.006639373779625391,1.625968889139339,0.040724349213201005,10.621692657470703
1.5500000000000012,0.01,0.8995723768331365,0.0047363722992826394,-0.006737540645088057,1.6349902988565823,-0.09308422677303096,10.593436241149902
1.5600000000000012,0.01,0.895844594229332,-0.00863466861279429,-0.006690176922095231,1.6439860226249137,-0.09308422677303096,10.593436241149902
1.5700000000000012,0.01,0.8949450218524989,-0.008639404985093574,-0.006776523608223174,1.652944468567207,-0.11635528346628864,10.585514068603516
1.5800000000000012,0.01,0.893256960003631,-0.010957875985806546,-0.00686291765807411,1.661893918785732,-0.11053751929297428,10.542590141296388
1.5900000000000012,0.01,0.8880696222510658,-0.010367460163490019,-0.006972496417932175,1.6708264883857684,-0.12217304763960302,10.535009384155272
1.6000000000000012,0.01,0.8864182895769503,-0.011520055122167085,-0.007076171019567075,1.6797071846082792,-0.12217304763960302,10.536646842956545
1.6100000000000012,0.01,0.8856939658348266,-0.011509687662003595,-0.007191371570788746,1.6885713675040486,-0.12217304763960302,10.53006649017334
1.6200000000000012,0.01,0.8841495122669292,-0.011498167606881427,-0.007306468447408782,1.6974283071623968,-0.12217304763960302,10.4916353225708
1.6300000000000012,0.01,0.8794207015408404,-0.011486657919219424,-0.007421450123477596,1.706269802285066,-0.11053751929297428,10.481589317321776
1.6400000000000012,0.01,0.877531951503671,-0.01031160691694967,-0.00753631670266979,1.7150640093004743,0.03490658503988664,10.447305679321287
1.6500000000000012,0.01,0.8732241670020813,0.004244290174255643,-0.007639432771839287,1.723839328815511,-0.12217304763960302,10.437681198120115
1.6600000000000013,0.01,0.8713841869304604,-0.011453361486776373,-0.00759698987009673,1.7325715704855318,0.040724349213201005,10.431593894958496
1.6700000000000013,0.01,0.8699022324472964,0.004832133908329774,-0.0077115234849644936,1.7412854123548365,-0.0872664625997166,10.400915145874023
1.6800000000000013,0.01,0.8659629733519187,-0.00795549391147521,-0.007663202145881196,1.7499844346793094,-0.1279908118129176,10.406811714172363
1.6900000000000013,0.01,0.8656827279493055,-0.012032760966703642,-0.007742757084995948,1.7586440644128285,-0.11053751929297428,10.377992630004885
1.7000000000000013,0.01,0.8619348565592055,-0.010279476220797834,-0.007863084694662984,1.7673008916923216,-0.12217304763960302,10.361166000366213
1.7100000000000013,0.01,0.859386510867389,-0.011430996294494004,-0.007965879456870963,1.7759202402579137,-0.12217304763960302,10.361166000366213
1.7200000000000013,0.01,0.8585245760108299,-0.011420716818273205,-0.008080189419815904,1.7845141053665876,0.03490658503988664,10.332446098327637
1.7300000000000013,0.01,0.8547931992961049,0.0042986774459702545,-0.008194396587998636,1.793099351126696,-0.1279908118129176,10.287694931030272
1.7400000000000013,0.01,0.8494595579903577,-0.011979641522491896,-0.008151409813538932,1.801647283119657,-0.1279908118129176,10.287694931030272
1.7500000000000013,0.01,0.8486047647910615,-0.011983940199937869,-0.008271206228763851,1.8101418786995607,-0.13380857598623197,10.279474258422852
1.7600000000000013,0.01,0.8469332379723291,-0.012553736975746813,-0.00839104563076323,1.8186279263474714,-0.1279908118129176,10.242064476013184
1.7700000000000014,0.01,0.8423436549665713,-0.011959976618215438,-0.008516583000520698,1.8270972587271948,-0.12217304763960302,10.256573677062988
1.7800000000000014,0.01,0.8429476418335794,-0.011365646463908231,-0.008636182766702851,1.8355206952768606,-0.11053751929297428,10.210583686828612
1.7900000000000014,0.01,0.8375062991551752,-0.010190133652627144,-0.008749839231341934,1.8439501716951963,-0.12217304763960302,10.199661254882812
1.8000000000000014,0.01,0.8355711083187617,-0.01134232084082611,-0.008851740567868206,1.852325234686748,-0.12217304763960302,10.199661254882812
1.8100000000000014,0.01,0.8347336020196064,-0.011332130707173482,-0.008965163776276467,1.8606809457699356,-0.1279908118129176,10.151202201843262
1.8200000000000014,0.01,0.8290521256073327,-0.011902564803664114,-0.009078485083348202,1.8690282817901316,-0.1279908118129176,10.140118598937988
1.8300000000000014,0.01,0.8271090317147858,-0.011891232672956942,-0.009197510731384844,1.877318803046205,-0.13962634015954634,10.126327514648438
1.8400000000000014,0.01,0.8249008711602234,-0.01304288294281615,-0.009316423058114413,1.8855898933633528,-0.13380857598623197,10.10623836517334
1.8500000000000014,0.01,0.8220648471809988,-0.012449215292811755,-0.009446851887542575,1.893838902074955,-0.13380857598623197,10.098691940307615
1.8600000000000014,0.01,0.820485303823266,-0.01243617240986894,-0.009571344040470692,1.902059550546765,-0.13380857598623197,10.098691940307615
1.8700000000000014,0.01,0.8196632389760851,-0.012423723194576129,-0.00969570576456938,1.9102644035849976,-0.11053751929297428,10.046457290649414
1.8800000000000014,0.01,0.8136192887064416,-0.01008418135284049,-0.009819942996515141,1.9184610359747585,-0.14544410433286092,10.05195140838623
1.8900000000000015,0.01,0.8133490372411473,-0.013562416133634578,-0.009920784810043546,1.926597228861823,-0.13962634015954634,10.018810272216797
1.9000000000000015,0.01,0.8092213043354974,-0.01297055553495028,-0.010056408971379893,1.9347307192342345,-0.14544410433286092,10.006364822387695
1.9100000000000015,0.01,0.8071634103153461,-0.013538769536148104,-0.010186114526729396,1.9428229322775894,-0.14544410433286092,9.98300075531006
1.9200000000000015,0.01,0.804017782303247,-0.013525798980613152,-0.010321502222090877,1.9508945663807429,-0.14544410433286092,9.98300075531006
1.9300000000000015,0.01,0.8032106188929318,-0.013512260211077005,-0.010456760211897008,1.9589347442037754,-0.13962634015954634,9.969812393188477
1.9400000000000015,0.01,0.8010877648984702,-0.012916957994764933,-0.010591882814007778,1.9669668503927047,-0.1279908118129176,9.913530349731444
1.9500000000000015,0.01,0.7946563499338739,-0.011739892899890983,-0.010721052393955427,1.9749777280416894,-0.13380857598623197,9.911959648132324
1.9600000000000015,0.01,0.7936981920090636,-0.012308752359227654,-0.010838451322954338,1.9829242915410281,-0.1512618685061753,9.887837409973145
1.9700000000000015,0.01,0.7904913118432116,-0.014042341718322096,-0.010961538846546614,1.9908612734611189,-0.13380857598623197,9.857773780822754
1.9800000000000015,0.01,0.7866912507361635,-0.012284703713968536,-0.011101962263729835,1.998766186579551,-0.13380857598623197,9.857773780822754
1.9900000000000015,0.01,0.7859007594243204,-0.012270661372250214,-0.01122480930086952,2.006633099086913,-0.1512618685061753,9.834928512573242
2.0000000000000013,0.01,0.782829541348633,-0.014003705920530577,-0.011347515914592023,2.014492106681156,-0.15707963267948966,9.81333351135254
2.010000000000001,0.01,0.7798841404671385,-0.014573211676489764,-0.011487552973797329,2.0223204020946426,-0.15707963267948966,9.785125732421877
2.020000000000001,0.01,0.7762805330327235,-0.014559207970569234,-0.011633285090562226,2.030119243499314,-0.1512618685061753,9.760473251342772
2.0300000000000007,0.01,0.7730354007843458,-0.013962858341561309,-0.011778877170267918,2.0378820488296414,-0.13962634015954634,9.74216079711914
2.0400000000000005,0.01,0.7704278748289499,-0.01278474629892784,-0.011918505753683532,2.045612402837485,-0.14544410433286092,9.730270385742188
2.0500000000000003,0.01,0.7684657982904703,-0.01335255985791774,-0.01204635321667281,2.0533166815857746,-0.16289739685280402,9.70000171661377
2.06,0.01,0.7646685035027995,-0.015085104363613122,-0.012179878815251989,2.0610013395686795,-0.15707963267948966,9.690396308898926
2.07,0.01,0.7629394969330247,-0.014489975386423768,-0.01233072985888812,2.0686480246037076,-0.15707963267948966,9.679044723510742
2.0799999999999996,0.01,0.7610396698907036,-0.014474890282060155,-0.012475629612752358,2.076277419573038,-0.15707963267948966,9.645428657531738
2.0899999999999994,0.01,0.7569151237958701,-0.01446040030667373,-0.012620378515572959,2.083887816271945,-0.16289739685280402,9.641732215881348
2.099999999999999,0.01,0.7557844399609404,-0.015027701833723107,-0.012764982518639697,2.0914569675099037,-0.16289739685280402,9.641732215881348
2.109999999999999,0.01,0.7550275248371444,-0.015013241433416433,-0.012915259536976928,2.0990148119095133,-0.13380857598623197,9.599908828735352
2.1199999999999988,0.01,0.7500894016825839,-0.012089331644925504,-0.013065391951311093,2.1065650871578847,-0.16289739685280402,9.572407722473145
2.1299999999999986,0.01,0.7465842635315261,-0.014983200490149293,-0.013186285267760348,2.1140659811747105,-0.16289739685280402,9.554335594177246
2.1399999999999983,0.01,0.7440269613002536,-0.01497111115850437,-0.01333611727266184,2.1215318238100256,-0.15707963267948966,9.519139289855955
2.149999999999998,0.01,0.739760746604593,-0.014374351540682782,-0.013485828384246884,2.128972093423028,-0.1512618685061753,9.494190216064451
2.159999999999998,0.01,0.7365218122641424,-0.013777604012192841,-0.013629571899653713,2.136369700889074,-0.1512618685061753,9.494190216064451
2.1699999999999977,0.01,0.7357820515175377,-0.013763229660652158,-0.013767347939775642,2.1437349190117154,-0.15707963267948966,9.453336715698242
2.1799999999999975,0.01,0.7309601796686528,-0.014331228473971403,-0.013904980236382163,2.1510927395268906,-0.1687151610261186,9.443538665771484
2.1899999999999973,0.01,0.7292445926244594,-0.015481018078973645,-0.014048292521121877,2.158402341323577,-0.18035068937274737,9.414421081542969
2.199999999999997,0.01,0.7256018740219392,-0.01663023968516255,-0.014203102701911613,2.1656947872498216,-0.1687151610261186,9.410667419433594
2.209999999999997,0.01,0.7244972632183773,-0.015451205832420701,-0.014369405098763239,2.172950805990041,-0.18035068937274737,9.400649070739746
2.2199999999999966,0.01,0.7227698264749706,-0.016598128427398412,-0.014523917157087446,2.180195778622225,-0.18035068937274737,9.400649070739746
2.2299999999999964,0.01,0.7220453292117521,-0.016582677221565992,-0.01468989844136143,2.1874234768869747,-0.18616845354606193,9.334436416625977
2.239999999999996,0.01,0.7147012939739001,-0.01714785551047005,-0.01485572521357709,2.194643930179092,-0.18616845354606193,9.334436416625977
2.249999999999996,0.01,0.7139792486446885,-0.017131272833248484,-0.015027203768681791,2.201790943118831,-0.17453292519943298,9.299443244934082
2.259999999999996,0.01,0.7097652301815252,-0.015950572143075117,-0.015198516497014276,2.2089307356052776,-0.17453292519943298,9.259847640991213
2.2699999999999956,0.01,0.7050916905385936,-0.015933440870241868,-0.015358022218445027,2.216028387907093,-0.17453292519943298,9.255948066711426
2.2799999999999954,0.01,0.7039919678804334,-0.015917490298098795,-0.015517356627147445,2.2230793048124786,-0.18616845354606193,9.230473518371582
2.289999999999995,0.01,0.7007394213559104,-0.01706510969189145,-0.01567653153012843,2.230119224491283,-0.18035068937274737,9.222540855407717
2.299999999999995,0.01,0.6992421630916434,-0.016467415784261894,-0.015847182627047346,2.237126618704842,-0.18035068937274737,9.222540855407717
2.3099999999999947,0.01,0.6985414236702875,-0.016450350674570003,-0.016011856784889963,2.2441190403357583,-0.1687151610261186,9.163688659667969
2.3199999999999945,0.01,0.6919569619332211,-0.015270330424122864,-0.016176360291635664,2.251104454572461,-0.18035068937274737,9.1381254196167
2.3299999999999943,0.01,0.6887020965044238,-0.016417432908111172,-0.016329063595876894,2.2580240241917933,-0.19780398189269063,9.132347106933594
2.339999999999994,0.01,0.6874323082741801,-0.018147491829681374,-0.016493237924958007,2.2649110451568375,-0.19780398189269063,9.132347106933594
2.349999999999994,0.01,0.6867436061776756,-0.01813107439677326,-0.01667471284325482,2.271785368239579,-0.19780398189269063,9.132347106933594
2.3599999999999937,0.01,0.6860561738694015,-0.018112926904943583,-0.016856023587222553,2.278652804301356,-0.19780398189269063,9.132347106933594
2.3699999999999934,0.01,0.6853694302632238,-0.01809479583054681,-0.017037152856271987,2.2855133660400497,-0.16289739685280402,9.035170555114746
2.3799999999999932,0.01,0.6749657189074697,-0.014586024399653202,-0.017218100814577454,2.292367060342682,-0.1919862177193763,9.004617691040039
2.389999999999993,0.01,0.6712250630697357,-0.017476811690479887,-0.017363961058573987,2.299116717531757,-0.20362174606600525,8.982060432434082
2.399999999999993,0.01,0.6682943714902326,-0.018625778500743127,-0.017538729175478787,2.305828968162454,-0.19780398189269063,8.968463897705078
2.4099999999999926,0.01,0.6662634929542625,-0.018026525271721185,-0.01772498696048622,2.3125119118773565,-0.1919862177193763,8.939676284790039
2.4199999999999924,0.01,0.6627164372912683,-0.01742612307588901,-0.01790525221320343,2.319174546806899,-0.19780398189269063,8.930076599121094
2.429999999999992,0.01,0.6610902052314196,-0.01798987296794872,-0.01807951344396232,2.3258017111798117,-0.2094395102393196,8.895833015441895
2.439999999999992,0.01,0.6570031304262083,-0.019135999679535727,-0.01825941217364181,2.332412613232126,-0.215257274412634,8.88956356048584
2.4499999999999917,0.01,0.6557150947253714,-0.019699786223899222,-0.018450772170437165,2.3389826445363884,-0.22107503858594835,8.883856773376465
2.4599999999999915,0.01,0.6544874128840077,-0.020262426641551118,-0.018647770032676158,2.345539795483642,-0.22107503858594835,8.883856773376465
2.4699999999999913,0.01,0.6538316977892823,-0.02024272685532722,-0.018850394299091668,2.352084669612482,-0.215257274412634,8.817197799682617
2.479999999999991,0.01,0.6465113130070135,-0.019640688011354237,-0.01905282156764494,2.3586229865903747,-0.22107503858594835,8.790699005126953
2.489999999999991,0.01,0.6432076018536579,-0.020202221701830343,-0.01924922844775848,2.365088099720445,-0.215257274412634,8.787579536437988
2.4999999999999907,0.01,0.6422491436717543,-0.019600804596487553,-0.019451250664776782,2.3715201757389814,-0.22107503858594835,8.74647331237793
2.5099999999999905,0.01,0.6374953136638949,-0.020162378792117158,-0.019647258710741657,2.377942667175699,-0.2094395102393196,8.724505424499512
2.5199999999999902,0.01,0.6346562757323814,-0.018979225152857795,-0.019848882498662828,2.384317620312338,-0.2094395102393196,8.724505424499512
2.52999999999999,0.01,0.6340187804187174,-0.01895906277406568,-0.020038674750191405,2.3906641830696618,-0.2327105669325773,8.696303367614746
2.53999999999999,0.01,0.6305639184545084,-0.02126718921823859,-0.020228265377932063,2.397004370873849,-0.2268928027592629,8.646997451782227
2.5499999999999896,0.01,0.6249993080908378,-0.020666453738133084,-0.020440937270114447,2.403310010058394,-0.22107503858594835,8.638834953308105
2.5599999999999894,0.01,0.6235524943249712,-0.02006341013158339,-0.020647601807495777,2.4095600031393025,-0.24434609527920623,8.612472534179688
2.569999999999989,0.01,0.6202912531040385,-0.022369849347171046,-0.02084823590881161,2.415795528082552,-0.24434609527920623,8.579325675964355
2.579999999999989,0.01,0.6163530147881804,-0.022349785937039464,-0.02107193440228332,2.4219984406135926,-0.24434609527920623,8.579955101013184
2.5899999999999888,0.01,0.6157956660399592,-0.022327416087692294,-0.021295432261653712,2.4281619707614746,-0.2501638594525206,8.523794174194336
2.5999999999999885,0.01,0.6095632203432862,-0.022886842719086694,-0.021518706422530634,2.4343199274218743,-0.24434609527920623,8.528644561767578
2.6099999999999883,0.01,0.6094324634345704,-0.02228273888566756,-0.0217475748497215,2.440415559625307,-0.255981623625835,8.505699157714844
2.619999999999988,0.01,0.6065283598089537,-0.02342340487761135,-0.021970402238578175,2.446509884259653,-0.255981623625835,8.455227851867676
2.629999999999988,0.01,0.6008717967608024,-0.02340112213872568,-0.02220463628735429,2.4525751678577423,-0.2501638594525206,8.45344352722168
2.6399999999999877,0.01,0.6000868359363938,-0.022795922316516636,-0.022438647508741548,2.4585838858253504,-0.24434609527920623,8.420919418334961
2.6499999999999875,0.01,0.5962335532509612,-0.022190744777046467,-0.022666606731906715,2.464584754184714,-0.2501638594525206,8.415239334106445
2.6599999999999873,0.01,0.5950654579921731,-0.022749725272061393,-0.022888514179677178,2.4705470897172237,-0.2617993877991496,8.372329711914062
2.669999999999987,0.01,0.590178262219684,-0.02389108736194724,-0.023116011432397793,2.4764977442971454,-0.26761715197246394,8.374773025512695
2.679999999999987,0.01,0.589827528121555,-0.024450114054006614,-0.023354922306017267,2.4823995269193424,-0.2734349161457783,8.363480567932129
2.6899999999999866,0.01,0.5881081041012787,-0.025007999383976104,-0.023599423446557334,2.4882978022005577,-0.2734349161457783,8.309248924255371
2.6999999999999864,0.01,0.5820951122054814,-0.0249835492699221,-0.023849503440397095,2.4941788832415703,-0.2734349161457783,8.309248924255371
2.709999999999986,0.01,0.5815070041013801,-0.02495854127053812,-0.024099338933096317,2.499999834363625,-0.27925268031909267,8.252755165100098
2.719999999999986,0.01,0.5752755330736473,-0.02551533413859964,-0.024348924345801697,2.505814904404639,-0.27925268031909267,8.249316215515137
2.7299999999999858,0.01,0.5743501311110498,-0.0254903755973291,-0.024604077687187694,2.5115676597353755,-0.27925268031909267,8.19348430633545
2.7399999999999856,0.01,0.5681916646600075,-0.0254648602631905,-0.024858981443160986,2.5173111610464862,-0.28507044449240726,8.189508438110352
2.7499999999999853,0.01,0.5672197277063866,-0.026021146304924626,-0.02511363004579289,2.5229930776930862,-0.28507044449240726,8.173739433288574
2.759999999999985,0.01,0.5650746355595488,-0.02599568144466144,-0.025373841508842136,2.52866527497015,-0.28507044449240726,8.173739433288574
2.769999999999985,0.01,0.5645074158318425,-0.02596966029835651,-0.02563379832328875,2.5343160213257456,-0.28507044449240726,8.1318998336792
2.7799999999999847,0.01,0.5597583812353454,-0.02594366461691185,-0.025893494926272315,2.539961095484064,-0.28507044449240726,8.076362609863281
2.7899999999999845,0.01,0.5536401514379218,-0.0259176949566135,-0.026152931572441435,2.5455586792964175,-0.296705972839036,8.081686973571777
2.7999999999999843,0.01,0.553612829427536,-0.02705530412665946,-0.02641210852200757,2.551095080810797,-0.27925268031909267,8.04209041595459
2.809999999999984,0.01,0.5490995335143793,-0.02528405717970851,-0.026682661563274163,2.5566312091050722,-0.3025237370123506,8.033397674560547
2.819999999999984,0.01,0.5476766465455475,-0.027584107544907643,-0.02693550213507125,2.562122204440216,-0.3025237370123506,8.033397674560547
2.8299999999999836,0.01,0.547127547012033,-0.027558823487727938,-0.027211343210520326,2.5675989709056712,-0.30834150118566495,7.989804744720459
2.8399999999999834,0.01,0.5422205773814789,-0.028113015797514462,-0.027486931445397607,2.5730702463757917,-0.30834150118566495,7.95316219329834
2.849999999999983,0.01,0.5380091946922548,-0.028085456974026736,-0.02776806160337275,2.5784924521496064,-0.3141592653589793,7.944215297698975
2.859999999999983,0.01,0.5365722845549369,-0.028639120375560656,-0.028048916173113017,2.583872544096529,-0.3199770295322937,7.881324291229248
2.869999999999983,0.01,0.5297451747132719,-0.02919281133591807,-0.028335307376868624,2.5892382669420786,-0.3199770295322937,7.880922794342041
2.8799999999999826,0.01,0.5291684527399962,-0.029164172215542506,-0.028627235490227804,2.5945357186892113,-0.3199770295322937,7.880922794342041
2.8899999999999824,0.01,0.528638707565283,-0.029134979404206587,-0.028918877212383228,2.599827403216611,-0.32579479370560827,7.8444743156433105
2.899999999999982,0.01,0.5244646912426699,-0.029687591649322505,-0.029210227006425293,2.605113790292264,-0.32579479370560827,7.795652389526367
2.909999999999982,0.01,0.5190538599234104,-0.0296584566699183,-0.029507102922918516,2.6103584372046904,-0.33161255787892263,7.769507884979248
2.9199999999999817,0.01,0.5159149447774558,-0.030210545495600413,-0.0298036874896177,2.6155489758039243,-0.3432480862255516,7.783215045928955
2.9299999999999815,0.01,0.5167666070125031,-0.03134443987359339,-0.030105792944573703,2.620708125251699,-0.33161255787892263,7.738156318664551
2.9399999999999813,0.01,0.5117448193412851,-0.03015067649343489,-0.030419237343309636,2.625875791321824,-0.34906585039886595,7.732881546020508
2.949999999999981,0.01,0.5107005754698685,-0.03186466130555563,-0.030720744108243984,2.6309932395152367,-0.34906585039886595,7.694035530090332
2.959999999999981,0.01,0.5063042290575096,-0.031834510629062195,-0.03103939072129954,2.6361002452699354,-0.3548836145721803,7.673038482666016
2.9699999999999807,0.01,0.5036938237396081,-0.03238442238508808,-0.03135773582759016,2.6411632875605107,-0.3548836145721803,7.637490272521973
2.9799999999999804,0.01,0.49963269849614617,-0.032352587874459014,-0.03168158005144104,2.646200225797907,-0.3607013787454949,7.625415325164795
2.9899999999999802,0.01,0.4979215099366888,-0.032901979869405386,-0.03200510593018563,2.6511965527828685,-0.3548836145721803,7.594751834869385
2.99999999999998,0.01,0.4943555282086516,-0.03228785086419947,-0.032334125728879684,2.6561757678822353,-0.3548836145721803,7.571420192718506
3.00999999999998,0.01,0.4915244424836271,-0.032254948884330066,-0.03265700423752168,2.6611193231643218,-0.3607013787454949,7.545218467712402
3.0199999999999796,0.01,0.48840991445480814,-0.03280443745079733,-0.03297955372636498,2.666034567589158,-0.36651914291880927,7.52030611038208
3.0299999999999794,0.01,0.4854271542792923,-0.033353958919244434,-0.03330759810087295,2.6709186667337064,-0.3723369070921237,7.504997253417969
3.039999999999979,0.01,0.4834078586684262,-0.03390293089912507,-0.033641137690065395,2.6757729382764994,-0.3839724354387526,7.466839790344238
3.049999999999979,0.01,0.4791066852067739,-0.03503312977486872,-0.03398016699905665,2.6806070168631835,-0.38979019961206696,7.487172603607178
3.0599999999999787,0.01,0.4806565586743995,-0.03558100326130103,-0.03433049829680534,2.6853980837152513,-0.38979019961206696,7.487172603607178
3.0699999999999785,0.01,0.4801774519891927,-0.03554597013152616,-0.034686308329418346,2.6902046493019953,-0.4014257279586959,7.408456802368164
3.0799999999999783,0.01,0.4718252153066169,-0.03667394196292776,-0.035041768030733604,2.695006423821887,-0.4014257279586959,7.391875267028809
3.089999999999978,0.01,0.46968688432069217,-0.03663839599279623,-0.035408507450362885,2.699724675974953,-0.38979019961206696,7.363647937774658
3.099999999999978,0.01,0.4663923261799705,-0.035438169216170406,-0.035774891410290846,2.70442154481816,-0.41306125630532464,7.324318408966064
3.1099999999999777,0.01,0.46198968641479043,-0.037728636489503385,-0.03612927310245255,2.7090854680799596,-0.4188790204786392,7.331811904907227
3.1199999999999775,0.01,0.4622726436827267,-0.038274974737618664,-0.036506559467347585,2.7137053649441074,-0.4246967846519536,7.2925896644592285
3.1299999999999772,0.01,0.4578884299515121,-0.0388190225184606,-0.03688930921472377,2.718328091380935,-0.4188790204786392,7.257048606872559
3.139999999999977,0.01,0.45387205154916244,-0.03819897112639154,-0.03727749943990837,2.72290697568045,-0.430514548825268,7.245209217071533
3.149999999999977,0.01,0.4522302241391083,-0.039323704938535965,-0.03765948915117229,2.7274456961959412,-0.43633231299858233,7.205990791320801
3.1599999999999766,0.01,0.44785450951248595,-0.03986728238474101,-0.03805272620055765,2.7319679984373324,-0.4421500771718967,7.216634750366211
3.1699999999999764,0.01,0.4484666751928879,-0.04040973509713391,-0.03845139902440506,2.736446543532457,-0.4421500771718967,7.188774108886719
3.179999999999976,0.01,0.44523275653542616,-0.04036986781474916,-0.0388554963753764,2.740931210284386,-0.4421500771718967,7.188774108886719
3.189999999999976,0.01,0.4447842898602333,-0.040329458079652034,-0.03925919505352389,2.74538353784974,-0.4421500771718967,7.1186909675598145
3.1999999999999758,0.01,0.43733074297100744,-0.040289088211837285,-0.03966248963432041,2.7498313807483425,-0.4479678413452115,7.100218772888184
3.2099999999999755,0.01,0.4350387392139841,-0.040830535171089116,-0.040065380516438785,2.7542046881780524,-0.45960336969184024,7.071926593780518
3.2199999999999753,0.01,0.4317721905602465,-0.04195379891754015,-0.04047368586814968,2.758555075570192,-0.47123889803846897,7.051670074462891
3.229999999999975,0.01,0.42931149988926987,-0.04307652121703193,-0.04089322385732508,2.7628727974757945,-0.47123889803846897,7.022033214569092
3.239999999999975,0.01,0.42591604170932973,-0.04303456741811439,-0.0413239890694954,2.7671659124746872,-0.47123889803846897,7.022033214569092
3.2499999999999747,0.01,0.4254867302094405,-0.042991490896897355,-0.04175433474367655,2.7714250728917804,-0.4828744263850977,6.9892778396606445
3.2599999999999745,0.01,0.4217852766768864,-0.04411200916414212,-0.04218424965264552,2.775679940193875,-0.4886921905584125,6.977765083312988
3.2699999999999743,0.01,0.42020851431191136,-0.044650794090576706,-0.04262536974428694,2.779897792960644,-0.4886921905584125,6.936185359954834
3.279999999999974,0.01,0.415628756699419,-0.04460668208141256,-0.04307187768519271,2.784099878103763,-0.5003277189050412,6.922703742980957
3.289999999999974,0.01,0.4138603864877194,-0.04572558412198485,-0.043517944506006837,2.788256165670757,-0.5003277189050412,6.87652063369751
3.2999999999999736,0.01,0.4088264468026752,-0.045680977439903445,-0.043975200347226684,2.7923947695356346,-0.5003277189050412,6.87652063369751
3.3099999999999734,0.01,0.4084125864161875,-0.04563525185578146,-0.04443201012162572,2.7964830340036615,-0.5177810114249843,6.826671600341797
3.319999999999973,0.01,0.40301885663381354,-0.047334900130335866,-0.04488836264018353,2.8005671598678235,-0.5294165397716135,6.845332622528076
3.329999999999973,0.01,0.40447654626602536,-0.048452817713143,-0.04536171164148689,2.8045973484341618,-0.5294165397716135,6.779515743255615
3.3399999999999728,0.01,0.3974918394821454,-0.048405482813012664,-0.04584623981861832,2.808642113896822,-0.5410520681182422,6.803656578063965
3.3499999999999726,0.01,0.3995014464167143,-0.04952058282996239,-0.04633029464674845,2.8126170322916435,-0.5410520681182422,6.7738566398620605
3.3599999999999723,0.01,0.3961239607570417,-0.049472177347149385,-0.04682550047504807,2.8166120467558105,-0.5410520681182422,6.7227864265441895
3.369999999999972,0.01,0.3906174379788379,-0.04942265676431942,-0.04732022224851956,2.820573286363381,-0.5585053606381853,6.699743270874023
3.379999999999972,0.01,0.38791699845106425,-0.051118513838966574,-0.04781444881616276,2.8244794607431696,-0.5585053606381853,6.691956520080566
3.3899999999999717,0.01,0.3867477059337397,-0.051069091182202264,-0.04832563395455242,2.82835863072768,-0.5643231248114997,6.670651435852051
3.3999999999999715,0.01,0.3842292805124371,-0.05159974908569473,-0.048836324866374445,2.8322261077870174,-0.5701408889848145,6.633781433105469
3.4099999999999713,0.01,0.38015553253184514,-0.05213045641184401,-0.049352322357231394,2.8360684005921417,-0.5759586531581289,6.660578727722168
3.419999999999971,0.01,0.3824510327130026,-0.05266063308008975,-0.049873626921349834,2.83986995591746,-0.5759586531581289,6.660578727722168
3.429999999999971,0.01,0.38207087718047084,-0.052608502623677916,-0.05040023325215073,2.84369446624459,-0.5875941815047576,6.596569538116455
3.4399999999999706,0.01,0.3752875071871865,-0.0537193948252607,-0.05092631827838751,2.8475151750163947,-0.5992297098513863,6.563833713531494
3.4499999999999704,0.01,0.37163185385151,-0.05483033915729988,-0.05146351222664012,2.8512680500882666,-0.593411945678072,6.5320143699646
3.45999999999997,0.01,0.36807463198763335,-0.054194843345143184,-0.052011815618213116,2.8549843686267815,-0.6166830023713299,6.512603759765625
3.46999999999997,0.01,0.3657619391138844,-0.05646711867531168,-0.05255376405166455,2.8586651149466578,-0.6283185307179586,6.5046257972717285
3.47999999999997,0.01,0.3645960682325071,-0.057576476666629406,-0.053118435238417666,2.8623227343377966,-0.634136294891273,6.49780797958374
3.4899999999999696,0.01,0.3635485245245944,-0.058101785965285535,-0.05369420000508396,2.8659686950201215,-0.6399540590645874,6.4634928703308105
3.4999999999999694,0.01,0.3597524175310689,-0.05862598590595034,-0.05427521786473681,2.8696041802653673,-0.6399540590645874,6.445892333984375
3.509999999999969,0.01,0.3576288153719008,-0.058567884119985064,-0.05486147772379631,2.873201704440678,-0.6515895874112165,6.42777156829834
3.519999999999969,0.01,0.35545698638576617,-0.059672810968742024,-0.055447156564996165,2.876777992594397,-0.6515895874112165,6.384231090545654
3.5299999999999687,0.01,0.35074530979512575,-0.059614243084622036,-0.05604388467468359,2.8803325624582548,-0.6632251157578453,6.3927412033081055
3.5399999999999685,0.01,0.3512408640849851,-0.060718123108316174,-0.05664002710552981,2.883840015556206,-0.674860644104474,6.3544182777404785
3.5499999999999683,0.01,0.3470578262184273,-0.06182206169989442,-0.057247208336612974,2.8873524241970556,-0.674860644104474,6.363437652587891
3.559999999999968,0.01,0.3476085228390835,-0.0617613435767861,-0.05786542895361192,2.89082300245924,-0.674860644104474,6.358137607574463
3.569999999999968,0.01,0.3467314605115223,-0.06169952151508621,-0.058483042389379784,2.894299087687631,-0.674860644104474,6.376574516296387
3.5799999999999677,0.01,0.3482275428608756,-0.06163776017150943,-0.05910003760453065,2.8977664022927465,-0.674860644104474,6.375011920928955
3.5899999999999674,0.01,0.3477245518636209,-0.06157606064999434,-0.059716415206245745,2.9012486777213553,-0.674860644104474,6.384918212890625
3.5999999999999672,0.01,0.348366953516927,-0.06151442288982283,-0.060332175812745685,2.9047259232399916,-0.674860644104474,6.384918212890625
3.609999999999967,0.01,0.3480192289650634,-0.06145284682917284,-0.06094732004164392,2.908209592775161,-0.674860644104474,6.374563217163086
3.619999999999967,0.01,0.34663536243879256,-0.06139133240628301,-0.061561848509935645,2.9116897850648114,-0.674860644104474,6.36871337890625
3.6299999999999666,0.01,0.3457023593841439,-0.06132987955945384,-0.06217576183399848,2.9151561386891993,-0.674860644104474,6.366094589233398
3.6399999999999664,0.01,0.3450938450544199,-0.06126848822704756,-0.06278906062959301,2.918613162283041,-0.674860644104474,6.377350330352783
3.649999999999966,0.01,0.34587371680697426,-0.061207158347488105,-0.06340174551186349,2.9220641007335852,-0.674860644104474,6.3807220458984375
3.659999999999966,0.01,0.34586579451648525,-0.06114588985926105,-0.06401381709533838,2.925522837901655,-0.674860644104474,6.372459411621094
3.6699999999999657,0.01,0.3446936573719439,-0.061084682700913565,-0.06462527599393099,2.92898149584682,-0.674860644104474,6.371257781982422
3.6799999999999655,0.01,0.3442276286135602,-0.0610235368110543,-0.06523612282094013,2.932428432420539,-0.674860644104474,6.367699146270752
3.6899999999999653,0.01,0.3435270713850213,-0.060962452128353384,-0.06584635818905067,2.9358707087066747,-0.674860644104474,6.389104843139648
3.699999999999965,0.01,0.3453234134432974,-0.06090142859154233,-0.0664559827103342,2.9393059794205247,-0.674860644104474,6.361989498138428
3.709999999999965,0.01,0.34226835187179033,-0.06084046613941399,-0.06706499699624963,2.942759213554958,-0.674860644104474,6.386101245880127
3.7199999999999647,0.01,0.34433420323251696,-0.060779564710822444,-0.06767340165764377,2.946181897073676,-0.674860644104474,6.386101245880127
3.7299999999999645,0.01,0.3439919348806451,-0.060718724244683026,-0.06828119730475199,2.949625239106001,-0.674860644104474,6.367184638977051
3.7399999999999642,0.01,0.341755939987105,-0.0606579446799722,-0.06888838454719882,2.9530651584548075,-0.674860644104474,6.369274139404297
3.749999999999964,0.01,0.34162089809494894,-0.06059722595572752,-0.06949496399399854,2.9564827178546786,-0.674860644104474,6.3724684715271
3.759999999999964,0.01,0.34159857536724214,-0.060536568011047544,-0.07010093625355582,2.959898926835628,-0.674860644104474,6.375399589538574
3.7699999999999636,0.01,0.3415500662702946,-0.060475970785091815,-0.0707063019336663,2.9633149125893006,-0.674860644104474,6.350762367248535
3.7799999999999634,0.01,0.3387447454659235,-0.06041543421708077,-0.07131106164151721,2.9667304132520034,-0.674860644104474,6.350762367248535
3.789999999999963,0.01,0.3384031953996532,-0.06035495824629568,-0.07191521598368801,2.9701178607066625,-0.674860644104474,6.369884014129639
3.799999999999963,0.01,0.3399766153422976,-0.060294542812078605,-0.07251876556615097,2.973501892660659,-0.674860644104474,6.371349811553955
3.8099999999999627,0.01,0.33978479188932964,-0.060234187853832305,-0.07312171099427175,2.9769016588140818,-0.674860644104474,6.374353408813477
3.8199999999999625,0.01,0.3397451749999395,-0.06017389331102022,-0.07372405287281007,2.980299506732975,-0.674860644104474,6.3834123611450195
3.8299999999999623,0.01,0.3403112854412045,-0.0601136591231664,-0.07432579180592028,2.9836969584829744,-0.674860644104474,6.358549118041992
3.839999999999962,0.01,0.3374852159559018,-0.060053485229855375,-0.07492692839715194,2.9871000713373865,-0.674860644104474,6.37698221206665
3.849999999999962,0.01,0.3389882140729264,-0.0599933715707322,-0.07552746324945049,2.9904749234969454,-0.674860644104474,6.369657039642334
3.8599999999999617,0.01,0.3379182116145389,-0.059933318085502355,-0.07612739696515781,2.9938648056376747,-0.674860644104474,6.354395389556885
3.8699999999999615,0.01,0.336053058391921,-0.05987332471393162,-0.07672673014601283,2.99724398775382,-0.674860644104474,6.38064432144165
3.8799999999999613,0.01,0.33834003336878304,-0.05981339139584612,-0.07732546339315215,3.0006045183377394,-0.674860644104474,6.367729187011719
3.889999999999961,0.01,0.336712466867398,-0.05975351807113219,-0.07792359730711061,3.0039879186714273,-0.674860644104474,6.366511344909668
3.899999999999961,0.01,0.3362523426238241,-0.05969370467973634,-0.07852113248782193,3.0073550433401013,-0.674860644104474,6.366511344909668
3.9099999999999606,0.01,0.3359156301569567,-0.059633951161665213,-0.07911806953461929,3.0107175667663397,-0.674860644104474,6.368791103363037
3.9199999999999604,0.01,0.33580735365966974,-0.05957425745698547,-0.07971440904623595,3.0140767230679093,-0.674860644104474,6.374612808227539
3.92999999999996,0.01,0.336053608515963,-0.05951462350582381,-0.0803101516208058,3.017434796604506,-0.674860644104474,6.361008167266846
3.93999999999996,0.01,0.334357337066234,-0.05945504924836682,-0.08090529785586405,3.0207953326896657,-0.674860644104474,6.375679969787598
3.9499999999999598,0.01,0.33548846370979324,-0.059395534624860996,-0.08149984834834771,3.024138906060328,-0.674860644104474,6.367404460906982
3.9599999999999596,0.01,0.3343265554846655,-0.059336079575612634,-0.08209380369459632,3.027493790697426,-0.674860644104474,6.367404460906982
3.9699999999999593,0.01,0.33399106702095566,-0.05927668404098777,-0.08268716449035245,3.0308370562522726,-0.674860644104474,6.376473426818848
3.979999999999959,0.01,0.33456363705665754,-0.05921734796141216,-0.08327993133076232,3.034176966922482,-0.674860644104474,6.360721111297607
3.989999999999959,0.01,0.33265441443751254,-0.059158071277371174,-0.08387210481037645,3.0375226032930485,-0.674860644104474,6.3583855628967285
3.9999999999999587,0.01,0.33208629596036804,-0.05909885392940976,-0.08446368552315016,3.0408491474374237,-0.674860644104474,6.392436981201172
4.009999999999959,0.01,0.33515878337637484,-0.05903969585813238,-0.08505467406244425,3.0441700103970275,-0.674860644104474,6.366323471069336
4.019999999999959,0.01,0.33221534606723085,-0.058980597004202974,-0.08564507102102557,3.0475215982307913,-0.674860644104474,6.366323471069336
4.0299999999999585,0.01,0.3318801872838545,-0.05892155730834484,-0.0862348769910676,3.0508437516914637,-0.674860644104474,6.381000995635986
4.039999999999958,0.01,0.33301572439445226,-0.058862576711340646,-0.08682409256415105,3.054162553564302,-0.674860644104474,6.3759050369262695
4.049999999999958,0.01,0.33217424833619674,-0.0588036551540323,-0.08741271833126446,3.057492710808247,-0.674860644104474,6.357367515563965
4.059999999999958,0.01,0.3299874804755718,-0.05874479257732095,-0.08800075488280479,3.060814453291609,-0.6806784082777884,6.373716831207275
4.069999999999958,0.01,0.3312902377915667,-0.05926776533949836,-0.088588202808578,3.0641143280963647,-0.674860644104474,6.367729663848877
4.079999999999957,0.01,0.3303615335752512,-0.0586272441295896,-0.08918088046197298,3.0674272304742805,-0.674860644104474,6.367729663848877
4.089999999999957,0.01,0.33003024333745967,-0.05856797636425011,-0.08976715290326888,3.070730845810033,-0.674860644104474,6.370771884918213
4.099999999999957,0.01,0.330004103910818,-0.05850934912012051,-0.09035283266691138,3.0740311482434075,-0.674860644104474,6.369816780090332
4.109999999999957,0.01,0.3295785631846925,-0.058450781143756264,-0.09093792615811258,3.0773311892825155,-0.674860644104474,6.3807148933410645
4.119999999999957,0.01,0.3303383704058549,-0.058392271794636144,-0.09152243396955015,3.080626974914362,-0.674860644104474,6.377382755279541
4.129999999999956,0.01,0.3296755780365179,-0.05833382101349238,-0.0921063566874965,3.083930358618421,-0.674860644104474,6.386756420135498
4.139999999999956,0.01,0.33028260615170774,-0.058275428741697756,-0.09268969489763143,3.087227114398786,-0.674860644104474,6.386756420135498
4.149999999999956,0.01,0.32995293057367125,-0.058217094920684255,-0.09327244918504841,3.090529940460303,-0.674860644104474,6.370710849761963
4.159999999999956,0.01,0.328018090930166,-0.058158819491942564,-0.09385462013425526,3.09382946976604,-0.674860644104474,6.371457099914551
4.1699999999999555,0.01,0.32776276301485113,-0.058100602397021875,-0.09443620832917468,3.0971096506753413,-0.674860644104474,6.3627214431762695
4.179999999999955,0.01,0.32656117925009287,-0.05804244357752994,-0.0950172143531449,3.1003872783054898,-0.6806784082777884,6.336015224456787
4.189999999999955,0.01,0.32356279461512977,-0.058566119392464346,-0.0955976387889202,3.1036528900979907,-0.6806784082777884,6.339613437652588
4.199999999999955,0.01,0.3235960547554597,-0.058508076948886815,-0.09618329998284485,3.106888518044142,-0.6806784082777884,6.339613437652588
4.209999999999955,0.01,0.3232724919608446,-0.05844951082949436,-0.09676838075233371,3.1101244785916964,-0.6806784082777884,6.333443641662598
4.2199999999999545,0.01,0.3223319163070901,-0.05839100275254547,-0.09735287586062866,3.113357203511305,-0.6806784082777884,6.362888813018799
4.229999999999954,0.01,0.32495316095074944,-0.05833255324171597,-0.09793678588815412,3.1165805226743757,-0.6806784082777884,6.347616672515869
4.239999999999954,0.01,0.32310361498414936,-0.05827416223896342,-0.09852011142057128,3.119830054283883,-0.6806784082777884,6.350651264190674
4.249999999999954,0.01,0.3230821209906791,-0.05821582968572171,-0.09910285304296092,3.1230610904337244,-0.6806784082777884,6.3591790199279785
4.259999999999954,0.01,0.32361179294942544,-0.05815755552348274,-0.09968501133981814,3.126291911643631,-0.6806784082777884,6.34187650680542
4.269999999999953,0.01,0.3215584595161789,-0.05809933969379703,-0.10026658689505297,3.1295280295731254,-0.6806784082777884,6.3510260581970215
4.279999999999953,0.01,0.32214980286238964,-0.05804118213827354,-0.10084758029199094,3.132743614168287,-0.6806784082777884,6.366429805755615
4.289999999999953,0.01,0.32336861915873283,-0.05798308279857975,-0.10142799211337367,3.135965112196911,-0.6806784082777884,6.358752250671387
4.299999999999953,0.01,0.3222787138474476,-0.05792504161644148,-0.10200782294135946,3.1391987983884984,-0.6806784082777884,6.337112903594971
4.3099999999999525,0.01,0.31979141052064725,-0.05786705853364289,-0.10258707335752387,3.142421585526973,-0.6806784082777884,6.361481666564941
4.319999999999952,0.01,0.3219060081037969,-0.05780913349202646,-0.10316574394286031,3.145619499632179,-0.6806784082777884,6.361481666564941
4.329999999999952,0.01,0.32158621669327625,-0.057751266433492814,-0.10374383527778057,3.148838559713217,-0.6806784082777884,6.3405632972717285
4.339999999999952,0.01,0.31917247375585117,-0.057693457300000785,-0.10432134794211549,3.15205442188015,-0.6806784082777884,6.364504814147949
4.349999999999952,0.01,0.32124503922677994,-0.0576357060335673,-0.1048982825151155,3.1552461466177086,-0.6806784082777884,6.336756706237793
4.3599999999999515,0.01,0.31815105596200843,-0.057578012576267296,-0.10547463957545117,3.1584585970099766,-0.6806784082777884,6.354934215545654
4.369999999999951,0.01,0.3196475618535678,-0.05752037687023373,-0.10605041970121384,3.1616401075695966,-0.6806784082777884,6.335680961608887
4.379999999999951,0.01,0.31740408540392906,-0.057462798857657454,-0.10662562346991618,3.164836583188132,-0.6806784082777884,6.35567569732666
4.389999999999951,0.01,0.31908391141385284,-0.05740527848078722,-0.10720025145849275,3.1680106240421715,-0.6806784082777884,6.353431701660156
4.399999999999951,0.01,0.3185421077617985,-0.057347815681929565,-0.10777430424330063,3.17120146315631,-0.6806784082777884,6.348913192749023
4.40999999999995,0.01,0.3177711729592714,-0.05729041040344878,-0.10834778240011993,3.174386884233928,-0.6806784082777884,6.348913192749023
4.41999999999995,0.01,0.31745263085150954,-0.05723306258776685,-0.10892068650415442,3.1775645959635206,-0.6806784082777884,6.366376876831055
4.42999999999995,0.01,0.31888122808675345,-0.057175772177363395,-0.10949301713003208,3.1807391222720356,-0.6806784082777884,6.358096122741699
4.43999999999995,0.01,0.3177357000469664,-0.05711853911477563,-0.11006477485180571,3.1839279345529032,-0.6806784082777884,6.358096122741699
4.4499999999999496,0.01,0.3174168188188796,-0.05706136334259826,-0.11063596024295347,3.187105291553373,-0.6806784082777884,6.371947288513184
4.459999999999949,0.01,0.3184841996959811,-0.0570042448034835,-0.11120657387637944,3.1902794597415616,-0.6806784082777884,6.37340784072876
4.469999999999949,0.01,0.31831283809871985,-0.056947183440140894,-0.11177661632441428,3.1934643017385214,-0.6806784082777884,6.381044387817383
4.479999999999949,0.01,0.31875800860788617,-0.05689017919533741,-0.1123460881588157,3.1966474301195085,-0.6806784082777884,6.3710551261901855
4.489999999999949,0.01,0.31744076960706774,-0.05683323201189727,-0.11291498995076907,3.1998350102055872,-0.6806784082777884,6.361792087554932
4.4999999999999485,0.01,0.31619570773493444,-0.05677634183270193,-0.11348332227088805,3.203009417901658,-0.6806784082777884,6.361792087554932
4.509999999999948,0.01,0.3158782669653274,-0.05671950860069003,-0.11405108568921507,3.2061713749790073,-0.6806784082777884,6.352367401123047
4.519999999999948,0.01,0.31461960261440397,-0.05666273225885733,-0.11461828077522197,3.2093301576486604,-0.6806784082777884,6.363846778869629
4.529999999999948,0.01,0.31545166212209685,-0.056606012750256646,-0.11518490809781054,3.212476353674804,-0.6806784082777884,6.358694076538086
4.539999999999948,0.01,0.3146217722863282,-0.05654935001799778,-0.11575096822531311,3.215630870296025,-0.6806784082777884,6.39164924621582
4.549999999999947,0.01,0.3176018375919796,-0.056492744005247536,-0.11631646172549309,3.2187770880188884,-0.6806784082777884,6.366147041320801
4.559999999999947,0.01,0.3147369953301913,-0.05643619465522953,-0.11688138916554557,3.221953106394808,-0.6806784082777884,6.366147041320801
4.569999999999947,0.01,0.3144193934925993,-0.05637970191122428,-0.11744575111209786,3.22510047634811,-0.6806784082777884,6.375062465667725
4.579999999999947,0.01,0.31499619893196146,-0.05632326571656905,-0.1180095481312101,3.2282446702830363,-0.6806784082777884,6.364284038543701
4.589999999999947,0.01,0.3136039368260665,-0.056266886014657826,-0.1185727807883758,3.231394632272356,-0.6806784082777884,6.385944366455078
4.599999999999946,0.01,0.3154549734182722,-0.056210562748941255,-0.11913544964852238,3.234530671640617,-0.6806784082777884,6.382754802703857
4.609999999999946,0.01,0.3148224131063241,-0.0561542958629266,-0.1196975552760118,3.2376852213747997,-0.6806784082777884,6.372975826263428
4.619999999999946,0.01,0.3135290604888628,-0.05609808530017766,-0.12025909823464107,3.240833445505863,-0.6806784082777884,6.372975826263428
4.629999999999946,0.01,0.3132142380757565,-0.05604193100431473,-0.12082007908764285,3.2439687361107516,-0.6806784082777884,6.354446887969971
4.6399999999999455,0.01,0.31104781518592195,-0.05598583291901456,-0.121380498397686,3.2471008784915094,-0.6806784082777884,6.366798400878906
4.649999999999945,0.01,0.3119697522387397,-0.055929790988010236,-0.12194035672687614,3.250211356643369,-0.6806784082777884,6.365128993988037
4.659999999999945,0.01,0.31149176373446685,-0.055873805155091216,-0.12249965463675624,3.253331054165756,-0.6806784082777884,6.365252494812012
4.669999999999945,0.01,0.3111921440646256,-0.05581787536410321,-0.12305839268830715,3.256445971803101,-0.6806784082777884,6.376306056976318
4.679999999999945,0.01,0.3119860085173218,-0.05576200155894813,-0.12361657144194818,3.259557893243747,-0.6806784082777884,6.376306056976318
4.689999999999944,0.01,0.31167481637325717,-0.05570618368358402,-0.12417419145753766,3.26267775332892,-0.6806784082777884,6.37119197845459
4.699999999999944,0.01,0.310851422512567,-0.05565042168202508,-0.1247312532943735,3.265794501492653,-0.6806784082777884,6.371101379394531
4.709999999999944,0.01,0.3105306877901879,-0.05559471549834149,-0.12528775751119375,3.2689030157177785,-0.6806784082777884,6.366553783416748
4.719999999999944,0.01,0.30976507676989695,-0.05553906507665947,-0.12584370466617717,3.2720083225956804,-0.6806784082777884,6.368942737579346
4.729999999999944,0.01,0.30969344149836653,-0.05548347036116113,-0.12639909531694377,3.2751059733633796,-0.6806784082777884,6.382478713989258
4.739999999999943,0.01,0.31073727406258783,-0.055427931296084455,-0.12695393002055538,3.2782029077783634,-0.6806784082777884,6.382478713989258
4.749999999999943,0.01,0.31042758062108944,-0.05537244782572331,-0.12750820933351623,3.2813102805189893,-0.6806784082777884,6.35920524597168
4.759999999999943,0.01,0.30778949654526905,-0.055317019894427215,-0.12806193381177347,3.2844145563252,-0.6806784082777884,6.379805564880371
4.769999999999943,0.01,0.3095391008555171,-0.055261647446601496,-0.12861510401071774,3.2874924512906527,-0.6806784082777884,6.359753608703613
4.7799999999999425,0.01,0.3072261157412961,-0.05520633042670706,-0.12916772048518377,3.290587842299208,-0.6806784082777884,6.374596118927002
4.789999999999942,0.01,0.30840082766277943,-0.05515106877926046,-0.12971978378945084,3.293660103456621,-0.6806784082777884,6.357851505279541
