{"fmus":{"{controller}":"file:////home/basaron/into-cps-projects/f110_intoCPS/FMUs/controller.fmu","{model}":"file:////home/basaron/into-cps-projects/f110_intoCPS/FMUs/model.fmu","{rabbitmq_lidar}":"file:////home/basaron/into-cps-projects/f110_intoCPS/FMUs/rabbitmq-lidar.fmu","{rabbitmq_odom}":"file:////home/basaron/into-cps-projects/f110_intoCPS/FMUs/rabbitmq-odom.fmu"},"connections":{"{controller}.c.acceleration":["{model}.m.acceleration","{rabbitmq_lidar}.r_lidar.acceleration"],"{controller}.c.steer_angle_vel":["{model}.m.steer_angle_vel","{rabbitmq_lidar}.r_lidar.steer_angle_vel"],"{model}.m.steer_angle":["{controller}.c.steer_angle"],"{model}.m.velocity":["{controller}.c.velocity"],"{rabbitmq_lidar}.r_lidar.angle":["{controller}.c.angle"],"{rabbitmq_lidar}.r_lidar.distance":["{controller}.c.distance"]},"parameters":{"{controller}.c.kp_angle":6.5,"{controller}.c.kp_speed":0.6},"liveGraphColumns":1,"liveGraphVisibleRowCount":1,"logVariables":{},"algorithm":{"type":"fixed-step","size":0.01},"parallelSimulation":false,"stabalizationEnabled":false,"global_absolute_tolerance":0,"global_relative_tolerance":0.01,"simulationProgramDelay":false,"convergenceAttempts":5,"livestream":{"{model}.m":["steer_angle","velocity"]}}