{"fmus":{"{model}":"file:////home/malthet/into-cps-projects/f1tenth/FMUs/model.fmu","{controller}":"file:////home/malthet/into-cps-projects/f1tenth/FMUs/controller.fmu","{rabbit}":"file:////home/malthet/into-cps-projects/f1tenth/FMUs/rabbitmq-v2.1.3.fmu","{odom}":"file:////home/malthet/into-cps-projects/f1tenth/FMUs/rabbitmq-odom.fmu","{kf}":"file:////home/malthet/into-cps-projects/f1tenth/FMUs/kalman_filter.fmu"},"connections":{"{model}.m.steer_angle":["{controller}.c.steer_angle"],"{model}.m.velocity":["{controller}.c.velocity"],"{controller}.c.acceleration":["{model}.m.acceleration","{kf}.kf.acceleration","{rabbit}.r.acceleration"],"{controller}.c.steer_angle_vel":["{model}.m.steer_angle_vel","{kf}.kf.steer_angel_velocity","{rabbit}.r.steer_angle_vel"],"{controller}.c.desired_steer_angle":["{rabbit}.r.desired_steer_angle","{model}.m.desired_steer_angle"],"{controller}.c.desired_velocity":["{rabbit}.r.desired_velocity","{model}.m.desired_velocity"],"{rabbit}.r.angle":["{controller}.c.angle"],"{rabbit}.r.distance":["{controller}.c.distance"],"{odom}.o.steer_angle_s":["{kf}.kf.steer_angle_s"],"{odom}.o.theta_s":["{kf}.kf.theta_s"],"{odom}.o.velocity_s":["{kf}.kf.velocity_s"],"{odom}.o.x_s":["{kf}.kf.x_s"],"{odom}.o.y_s":["{kf}.kf.y_s"]},"parameters":{"{controller}.c.kp_angle":4.5,"{controller}.c.kp_speed":0.6},"liveGraphColumns":1,"liveGraphVisibleRowCount":1,"logVariables":{"{odom}.o":["velocity_s"]},"algorithm":{"type":"fixed-step","size":0.01},"parallelSimulation":false,"stabalizationEnabled":false,"global_absolute_tolerance":0,"global_relative_tolerance":0.01,"simulationProgramDelay":false,"convergenceAttempts":5,"livestream":{"{controller}.c":["desired_velocity","desired_steer_angle"]}}