{"fmus":{"{model}":"file:////home/malthet/into-cps-projects/f1tenth/FMUs/model.fmu","{controller}":"file:////home/malthet/into-cps-projects/f1tenth/FMUs/controller.fmu","{rabbitmq}":"file:////home/malthet/into-cps-projects/f1tenth/FMUs/rabbitmq-v2.1.3.fmu","{odom}":"file:////home/malthet/into-cps-projects/f1tenth/FMUs/rabbitmq-odom.fmu"},"connections":{"{model}.m.steer_angle":["{controller}.c.steer_angle"],"{model}.m.velocity":["{controller}.c.velocity"],"{controller}.c.acceleration":["{model}.m.acceleration","{rabbitmq}.r.acceleration"],"{controller}.c.steer_angle_vel":["{model}.m.steer_angle_vel","{rabbitmq}.r.steer_angle_vel"],"{rabbitmq}.r.angle":["{controller}.c.angle"],"{rabbitmq}.r.distance":["{controller}.c.distance"],"{odom}.o.steer_angle_s":["{controller}.c.steer_angle_s"],"{odom}.o.theta_s":["{controller}.c.theta_s"],"{odom}.o.velocity_s":["{controller}.c.velocity_s"],"{odom}.o.x_s":["{controller}.c.x_s"],"{odom}.o.y_s":["{controller}.c.y_s"]},"parameters":{"{controller}.c.kp_angle":4.5,"{controller}.c.kp_speed":0.6},"liveGraphColumns":1,"liveGraphVisibleRowCount":1,"logVariables":{},"algorithm":{"type":"fixed-step","size":0.01},"parallelSimulation":false,"stabalizationEnabled":false,"global_absolute_tolerance":0,"global_relative_tolerance":0.01,"simulationProgramDelay":false,"convergenceAttempts":5,"livestream":{"{model}.m":["x","y"],"{odom}.o":["x_s","y_s"]}}