{"fmus":{"{controller}":"file:////home/basaron/into-cps-projects/f110/FMUs/controller.fmu","{model}":"file:////home/basaron/into-cps-projects/f110/FMUs/model.fmu","{rabbitmq}":"file:////home/basaron/into-cps-projects/f110/FMUs/rabbitmq-v2.1.3.fmu"},"connections":{"{controller}.c.acceleration":["{model}.m.acceleration","{rabbitmq}.r.acceleration"],"{controller}.c.steer_angle_vel":["{model}.m.steer_angle_vel","{rabbitmq}.r.steer_angle_vel"],"{model}.m.steer_angle":["{controller}.c.steer_angle"],"{model}.m.velocity":["{controller}.c.velocity"],"{rabbitmq}.r.angle":["{controller}.c.angle"],"{rabbitmq}.r.distance":["{controller}.c.distance"]},"parameters":{"{controller}.c.desired_angle":0.2,"{controller}.c.desired_velocity":1},"liveGraphColumns":1,"liveGraphVisibleRowCount":1,"logVariables":{},"algorithm":{"type":"fixed-step","size":0.01},"parallelSimulation":false,"stabalizationEnabled":false,"global_absolute_tolerance":0,"global_relative_tolerance":0.01,"simulationProgramDelay":false,"convergenceAttempts":5,"livestream":{"{model}.m":["steer_angle"]}}