{"fmus":{"{model}":"file:////home/malthet/into-cps-projects/f1tenth/FMUs/model.fmu","{controller}":"file:////home/malthet/into-cps-projects/f1tenth/FMUs/controller.fmu","{mq-networked}":"file:////home/malthet/into-cps-projects/f1tenth/FMUs/rabbitmq-networked.fmu","{kf}":"file:////home/malthet/into-cps-projects/f1tenth/FMUs/kalman_filter.fmu","{mq-local}":"file:////home/malthet/into-cps-projects/f1tenth/FMUs/rabbitmq-local.fmu"},"connections":{"{model}.m.steer_angle":["{controller}.c.steer_angle"],"{model}.m.velocity":["{controller}.c.velocity"],"{controller}.c.acceleration":["{model}.m.acceleration","{kf}.kf.acceleration","{mq-local}.l.acceleration"],"{controller}.c.steer_angle_vel":["{model}.m.steer_angle_vel","{kf}.kf.steer_angel_velocity","{mq-local}.l.steer_angle_vel"],"{controller}.c.desired_steer_angle":["{model}.m.desired_steer_angle","{mq-networked}.n.desired_steer_angle"],"{controller}.c.desired_velocity":["{model}.m.desired_velocity","{mq-networked}.n.desired_velocity"],"{mq-local}.l.angle":["{controller}.c.angle"],"{mq-local}.l.distance":["{controller}.c.distance"],"{mq-networked}.n.steer_angle_s":["{kf}.kf.steer_angle_s"],"{mq-networked}.n.theta_s":["{kf}.kf.theta_s"],"{mq-networked}.n.velocity_s":["{kf}.kf.velocity_s"],"{mq-networked}.n.x_s":["{kf}.kf.x_s"],"{mq-networked}.n.y_s":["{kf}.kf.y_s"]},"parameters":{"{controller}.c.kp_angle":4.5,"{controller}.c.kp_speed":0.6},"liveGraphColumns":1,"liveGraphVisibleRowCount":1,"logVariables":{},"algorithm":{"type":"fixed-step","size":0.01},"parallelSimulation":false,"stabalizationEnabled":false,"global_absolute_tolerance":0,"global_relative_tolerance":0.01,"simulationProgramDelay":false,"convergenceAttempts":5,"livestream":{"{controller}.c":["desired_velocity","desired_steer_angle"]}}