{"fmus":{"{controller}":"file:////home/basaron/into-cps-projects/f110_intoCPS/FMUs/controller.fmu","{model}":"file:////home/basaron/into-cps-projects/f110_intoCPS/FMUs/model.fmu","{rabbitmq_lidar}":"file:////home/basaron/into-cps-projects/f110_intoCPS/FMUs/rabbitmq-lidar.fmu","{rabbitmq_odom}":"file:////home/basaron/into-cps-projects/f110_intoCPS/FMUs/rabbitmq-odom.fmu","{kalman}":"file:////home/basaron/into-cps-projects/f110_intoCPS/FMUs/kalman_filter.fmu"},"connections":{"{controller}.c.acceleration":["{model}.m.acceleration","{rabbitmq_lidar}.r_lidar.acceleration"],"{controller}.c.steer_angle_vel":["{model}.m.steer_angle_vel","{rabbitmq_lidar}.r_lidar.steer_angle_vel"],"{model}.m.steer_angle":["{controller}.c.steer_angle"],"{model}.m.velocity":["{controller}.c.velocity"],"{rabbitmq_lidar}.r_lidar.angle":["{controller}.c.angle"],"{rabbitmq_lidar}.r_lidar.distance":["{controller}.c.distance"],"{rabbitmq_odom}.r_odom.steer_angle_s":["{kalman}.k.steer_angle_s"],"{rabbitmq_odom}.r_odom.theta_s":["{kalman}.k.theta_s"],"{rabbitmq_odom}.r_odom.velocity_s":["{kalman}.k.velocity_s"],"{rabbitmq_odom}.r_odom.x_s":["{kalman}.k.x_s"],"{rabbitmq_odom}.r_odom.y_s":["{kalman}.k.y_s"]},"parameters":{"{controller}.c.kp_angle":6.5,"{controller}.c.kp_speed":0.6},"liveGraphColumns":1,"liveGraphVisibleRowCount":1,"logVariables":{},"algorithm":{"type":"fixed-step","size":0.01},"parallelSimulation":false,"stabalizationEnabled":false,"global_absolute_tolerance":0,"global_relative_tolerance":0.01,"simulationProgramDelay":false,"convergenceAttempts":5,"livestream":{"{rabbitmq_odom}.r_odom":["velocity_s","steer_angle_s"],"{model}.m":["steer_angle","velocity"]}}