time,step-size,{controller}.c.acceleration,{controller}.c.steer_angle_vel,{model}.m.steer_angle,{model}.m.velocity,{model}.m.x,{model}.m.y,{rabbit}.r.angle,{rabbit}.r.distance
0.0,0.0,0.0,0.0,0.0,0.0,0.0,0.0,0.040724349213201005,10.815585050582886
0.01,0.01,2.5236365118026733,0.005423267384731021,0.0,0.0,0.0,0.0,0.040724349213201005,10.814160776138303
0.02,0.01,2.5233041810989376,0.005423267384731021,5.423267384731021E-5,0.025236365118026734,0.0,0.0,0.03490658503988664,10.813119897842409
0.03,0.01,2.5104431269375485,0.004621398564274372,1.0846534769462042E-4,0.05046940692901611,2.5236365118026734E-4,0.0,0.040724349213201005,10.815542917251587
0.04,0.01,2.498391977227529,0.005369034710883711,1.5467933333736413E-4,0.07557383819839159,7.570577204704281E-4,2.0918905211712395E-11,0.040724349213201005,10.816650495529174
0.05,0.01,2.486098196524278,0.005345927718062339,2.0836968044620125E-4,0.10055775797066688,0.0015127960805803589,1.8185056366352184E-7,0.03490658503988664,10.814343843460083
0.060000000000000005,0.01,2.4730680178220195,0.004544330060974927,2.6182895762682465E-4,0.12541873993590966,0.0025183736464121473,1.4804052705675703E-8,0.040724349213201005,10.814279289245606
0.07,0.01,2.4606224641893535,0.0052923529059176085,3.072722582365739E-4,0.15014942011412985,0.003772561040222752,1.3277733874112475E-7,0.03490658503988664,10.814796962738036
0.08,0.01,2.44837791458181,0.00449487877207974,3.6019578729575E-4,0.1747556447560234,0.005274053885430721,2.1506599476422798E-6,0.040724349213201005,10.81338279724121
0.09,0.01,2.4357448303116045,0.005243169491083146,4.051445750165474E-4,0.1992394239018415,0.0070216004355459416,-3.7308865952509334E-6,0.03490658503988664,10.814176502227784
0.09999999999999999,0.01,2.4236881385688958,0.004445942613689753,4.5757626992737885E-4,0.22359687220495753,0.009013944642588447,1.038875709496263E-5,0.03490658503988664,10.811537189483644
0.10999999999999999,0.01,2.410893574777038,0.004419726766234338,5.020356960642764E-4,0.2478337535906465,0.011249792670959203,-1.2843117874998084E-5,0.03490658503988664,10.805914678573608
0.11999999999999998,0.01,2.3974632148718515,0.004397497053165889,5.462329637266198E-4,0.27194268933841687,0.013727893631169684,2.1399733741421635E-5,0.040724349213201005,10.80664937019348
0.12999999999999998,0.01,2.3855801750426036,0.005150150902867711,5.902079342582786E-4,0.2959173214871354,0.016447039101293682,-1.7722392545432118E-5,0.03490658503988664,10.800794286727903
0.13999999999999999,0.01,2.3722266728262764,0.004353410934068888,6.417094432869557E-4,0.31977312323756146,0.019405935574715167,2.274704266143131E-5,0.03490658503988664,10.796086797714231
0.15,0.01,2.3592003578478735,0.004327660179554549,6.852435526276446E-4,0.34349538996582424,0.02260350620575425,-9.301265044338722E-6,0.040724349213201005,10.798546657562255
0.16,0.01,2.3479131917816143,0.0050806456084171985,7.2852015442319E-4,0.367087393544303,0.026038374474240282,1.495303200036594E-5,0.040724349213201005,10.796253566741944
0.17,0.01,2.335582135467636,0.0050590073075194265,7.79326610507362E-4,0.3905665254621191,0.02970922860730493,2.8955166180669956E-6,0.03490658503988664,10.796205825805664
0.18000000000000002,0.01,2.323831429956929,0.004258851595944346,8.299166835825562E-4,0.41392234681679546,0.03361488570630526,1.0877131964459437E-5,0.03490658503988664,10.798837184906006
0.19000000000000003,0.01,2.3127675030696704,0.004233556559406749,8.725051995419997E-4,0.43716066111636476,0.03775410910528038,1.0120290379394392E-5,0.040724349213201005,10.7970281124115
0.20000000000000004,0.01,2.3007262290045007,0.004987014784960021,9.148407651360671E-4,0.46028833614706144,0.04212571483683382,1.2893486885173216E-5,0.03490658503988664,10.797191972732543
0.21000000000000005,0.01,2.2892006255640625,0.004191094518629993,9.647109129856673E-4,0.48329559843710646,0.04672859774603278,1.4933954266791711E-5,0.040724349213201005,10.797837743759157
0.22000000000000006,0.01,2.2778476743252503,0.004940911928238188,0.0010066218581719674,0.506187604692747,0.051561553074428376,1.7452009218124394E-5,0.040724349213201005,10.793721618652343
0.23000000000000007,0.01,2.26544124200584,0.004919956455645038,0.0010560309774543494,0.5289660814359995,0.05662342836966533,2.0210618986759304E-5,0.03490658503988664,10.79172890663147
0.24000000000000007,0.01,2.25358703749601,0.004120499412470852,0.0011052305420107998,0.5516204938560579,0.061913088301370545,2.326641480221209E-5,0.03490658503988664,10.786404390335084
0.25000000000000006,0.01,2.2410174441501574,0.004095899630192627,0.0011464355361355083,0.574156364231018,0.06742929220886971,2.6639112684245517E-5,0.040724349213201005,10.785570611953736
0.26000000000000006,0.01,2.229554960673696,0.004850049616663267,0.0011873945324374345,0.5965665386725196,0.07317085464993123,3.0353152247218175E-5,0.040724349213201005,10.773353776931764
0.2700000000000001,0.01,2.2154992786144847,0.004829570118512304,0.0012358950286040671,0.6188620882792566,0.07913651864867292,3.442261023848021E-5,0.040724349213201005,10.769876337051391
0.2800000000000001,0.01,2.2035401011723628,0.004805319870428987,0.0012841907297891902,0.6410170810654015,0.08532513793756724,3.88642384695228E-5,0.040724349213201005,10.767246046066283
0.2900000000000001,0.01,2.191848870216099,0.004781172019836426,0.0013322439284934801,0.6630524820771251,0.09173530691947944,4.37062516406777E-5,0.040724349213201005,10.76449213027954
0.3000000000000001,0.01,2.180188589359997,0.004757145420484281,0.0013800556486918444,0.684970970779286,0.09836582964579962,4.897641437767278E-5,0.040724349213201005,10.758332662582395
0.3100000000000001,0.01,2.1677921358795826,0.004733239560385099,0.0014276271028966872,0.706772856672886,0.10521553696068393,5.4701923268241526E-5,0.040724349213201005,10.760405721664428
0.3200000000000001,0.01,2.15737490671859,0.004709453833282678,0.0014749594985005382,0.7284507780316819,0.1122832628008844,6.091004036129045E-5,0.040724349213201005,10.754385843276978
0.3300000000000001,0.01,2.145131307748787,0.004685787635480752,0.001522054036833365,0.7500245270988678,0.11956776748306752,6.762842918461741E-5,0.040724349213201005,10.75560483932495
0.34000000000000014,0.01,2.134628865626388,0.004662240366314339,0.0015689119131881725,0.7714758401763556,0.12706800924305,7.488561893427811E-5,0.040724349213201005,10.74372350692749
0.35000000000000014,0.01,2.121130898194903,0.004638811428136935,0.0016155343168513159,0.7928221288326195,0.13478276367621525,8.271080509411983E-5,0.040724349213201005,10.739801540374756
0.36000000000000015,0.01,2.1095426283378003,0.004615500226305363,0.0016619224311326852,0.8140334378145685,0.14271098048971237,9.113427528378791E-5,0.040724349213201005,10.73575122833252
0.37000000000000016,0.01,2.0979919010369703,0.004592306169164679,0.001708077433395739,0.8351288640979465,0.15085130983417358,1.001869944546522E-4,0.040724349213201005,10.746068649291992
0.38000000000000017,0.01,2.0898515861191584,0.004569228668033152,0.0017540004950873857,0.8561087831083162,0.15920259282544216,1.099011439674471E-4,0.040724349213201005,10.743996696472168
0.3900000000000002,0.01,2.0788781709560147,0.004546267137187328,0.0017996927817677173,0.8770072989695078,0.16776367432886793,1.2030994895563139E-4,0.040724349213201005,10.741828022003174
0.4000000000000002,0.01,2.0679228889826535,0.004523420993847163,0.0018451554531395905,0.8977960806790679,0.176533740245731,1.31448102121293E-4,0.040724349213201005,10.731975898742675
0.4100000000000002,0.01,2.0552296693670904,0.004500689658161226,0.0018903896630780622,0.9184753095688944,0.18551169316205826,1.4335106311553383E-4,0.040724349213201005,10.727339553833009
0.4200000000000002,0.01,2.0438082411099217,0.00447807255319199,0.0019353965596596745,0.9390276062625653,0.19469643747140084,1.5605542326394453E-4,0.040724349213201005,10.723434810638429
0.4300000000000002,0.01,2.032620986017684,0.004455569104901184,0.0019801772851915944,0.9594656886736646,0.20408670376754726,1.6959867904257336E-4,0.040724349213201005,10.72079665184021
0.4400000000000002,0.01,2.0217863744258833,0.004433178742135224,0.002024732976240606,0.9797918985338414,0.21368134981678494,1.840196377629784E-4,0.040724349213201005,10.7186070728302
0.45000000000000023,0.01,2.0111123677267924,0.0044109008966107185,0.0020690647636619586,1.0000097622781003,0.22347925679578545,1.9935828528355027E-4,0.040724349213201005,10.711966228485108
0.46000000000000024,0.01,1.9994539055074751,0.004388735002900042,0.0021131737726280656,1.0201208859553683,0.23347934113820806,2.1565581836945405E-4,0.040724349213201005,10.707008504867554
0.47000000000000025,0.01,1.988241541491412,0.004366680498416989,0.002157061122657066,1.040115425010443,0.24368053533042694,2.329546297807519E-4,0.040724349213201005,10.703777418136596
0.48000000000000026,0.01,1.9774903517266509,0.004344736823402489,0.002200727927641236,1.0599978404253572,0.2540816734051942,2.5129813249918654E-4,0.040724349213201005,10.69368821144104
0.49000000000000027,0.01,1.965194995790231,0.004322903420910403,0.0022441752958752607,1.0797727439426237,0.2646816339963664,2.70730997425277E-4,0.040724349213201005,10.686843633651732
0.5000000000000002,0.01,1.953710475880759,0.004301179736793391,0.0022874043300843646,1.0994246939005259,0.27547934184602624,2.912991653634954E-4,0.040724349213201005,10.680209703445437
0.5100000000000002,0.01,1.9423365838536724,0.004279565219688839,0.0023304161274522984,1.1189617986593334,0.28647356727027884,3.130494882194034E-4,0.040724349213201005,10.688792839050294
0.5200000000000002,0.01,1.9345707631154017,0.004258059321004872,0.002373211779649187,1.1383851644978702,0.2976631616585743,3.3603016096682214E-4,0.040724349213201005,10.681788311004638
0.5300000000000002,0.01,1.923224690318814,0.0042366614949064275,0.0024157923728592356,1.1577308721290243,0.3090469874524945,3.602905929859418E-4,0.040724349213201005,10.680653228759766
0.5400000000000003,0.01,1.9132869839794333,0.004215371198301404,0.0024581589878083,1.1769631190322123,0.3206242678888001,3.858821384198209E-4,0.040724349213201005,10.670959596633912
0.5500000000000003,0.01,1.9014090130318069,0.004194187890826871,0.0025003126997913136,1.1960959888720066,0.3323938681680655,4.128566174538092E-4,0.040724349213201005,10.663446521759033
0.5600000000000003,0.01,1.8900895273077711,0.004173111034835364,0.0025422545786995825,1.2151100790023246,0.34435479431482346,4.4126737900306164E-4,0.040724349213201005,10.656647911071778
0.5700000000000003,0.01,1.878996139748919,0.00415214009538123,0.002583985689047936,1.2340109742754024,0.3565058583147126,4.7116854789820266E-4,0.040724349213201005,10.650125579833984
0.5800000000000003,0.01,1.868023814823562,0.0041312745402070535,0.0026255070900017483,1.2528009356728915,0.3688459279882147,5.026155879264773E-4,0.040724349213201005,10.64384991645813
0.5900000000000003,0.01,1.857164512670451,0.004110513839730147,0.002666819835403819,1.2714811738211271,0.3813738937514136,5.356652233729148E-4,0.040724349213201005,10.639304399490356
0.6000000000000003,0.01,1.8467637729705197,0.004089857467029112,0.0027079249738011205,1.2900528189478317,0.3940886581118301,5.703754126304328E-4,0.040724349213201005,10.635767240524292
0.6100000000000003,0.01,1.8366526133150858,0.004069304897830461,0.0027488235484714116,1.308520456677537,0.40698913486377736,6.068053452719102E-4,0.040724349213201005,10.630232515335084
0.6200000000000003,0.01,1.826127358572751,0.004048855610495315,0.002789516597449716,1.326886982810688,0.42007428364151866,6.450155367713585E-4,0.040724349213201005,10.621719179153445
0.6300000000000003,0.01,1.8149576503971265,0.0040285090860061636,0.0028300051535546694,1.3451482563964154,0.43334309302037655,6.850677873651028E-4,0.040724349213201005,10.61382113456726
0.6400000000000003,0.01,1.8039841365341531,0.004008264807953687,0.0028702902444147312,1.3632978329003866,0.44679451014879723,7.270249781964654E-4,0.040724349213201005,10.605544605255126
0.6500000000000004,0.01,1.7929781581093363,0.003988122262523656,0.002910372892494268,1.3813376742657282,0.46042741771192375,7.70950987994245E-4,0.040724349213201005,10.601690692901611
0.6600000000000004,0.01,1.7830589912108454,0.003968080938483887,0.002950254115119505,1.3992674558468214,0.47424071799526046,8.169109374536461E-4,0.040724349213201005,10.603902053833009
0.6700000000000004,0.01,1.7746100846376245,0.0039481403271712685,0.002989934924504344,1.41709804575893,0.4882333100181456,8.649711111390568E-4,0.040724349213201005,10.593501539230347
0.6800000000000004,0.01,1.7632680029409493,0.003928299922478849,0.0030294163277760564,1.4348441466053061,0.5024042014599616,9.151993267851115E-4,0.040724349213201005,10.595327854156494
0.6900000000000004,0.01,1.7548210926671957,0.003908559220842993,0.003068699327000845,1.4524768266347157,0.5167525470039036,9.67665090769756E-4,0.040724349213201005,10.58386565208435
0.7000000000000004,0.01,1.743330238835657,0.0038889177212305987,0.003107784919209275,1.4700250375613877,0.5312772119953072,0.0010224380638593831,0.040724349213201005,10.580058288574218
0.7100000000000004,0.01,1.7336677485532905,0.0038693749251263836,0.0031466740964215807,1.4874583399497443,0.5459773512717663,0.0010795901280433236,0.040724349213201005,10.606085929870606
0.7200000000000004,0.01,1.7310242136616028,0.0038499303365202306,0.0031853678456728444,1.504795017435277,0.5608518152548573,0.0011391931844645787,0.040724349213201005,10.60435209274292
0.7300000000000004,0.01,1.7219513129223762,0.003830583461894599,0.0032238671490380467,1.5221052595718931,0.5758996371765257,0.0012013209846645496,0.040724349213201005,10.597699823379516
0.7400000000000004,0.01,1.7117439956692737,0.003811333810211998,0.003262172983656993,1.539324772701117,0.5911205521329069,0.0012660512886467626,0.040724349213201005,10.586925544738769
0.7500000000000004,0.01,1.7006202407551543,0.0037921808929025245,0.0033002863217591128,1.5564422126578097,0.6065136522622573,0.001333460434381792,0.040724349213201005,10.584799375534056
0.7600000000000005,0.01,1.6915654146290413,0.003773124223851465,0.003338208130688138,1.5734484150653612,0.6220779162347954,0.0014036254361190581,0.040724349213201005,10.57695016860962
0.7700000000000005,0.01,1.6812308318095643,0.0037541633193869522,0.0033759393729266523,1.5903640692116516,0.6378122310495973,0.0014766240379866058,0.040724349213201005,10.566403121948245
0.7800000000000005,0.01,1.670312027182098,0.003735297698267695,0.003413481006120522,1.6071763775297472,0.6537156905673202,0.0015525360402955048,0.040724349213201005,10.52681643486023
0.7900000000000005,0.01,1.6526689793691802,0.00371652688167076,0.003450833983103199,1.6238794978015683,0.6697872606441384,0.0016314417744697088,0.040724349213201005,10.522247171401975
0.8000000000000005,0.01,1.6432512577596765,0.0036978503931794217,0.0034879992519199067,1.64040618759526,0.686025848683665,0.0017134223854169072,0.040724349213201005,10.513656215667725
0.8100000000000005,0.01,1.6329833565248393,0.0036792677587710676,0.003524977755851701,1.6568387001728568,0.7024296896416139,0.001798556728657614,0.040724349213201005,10.497991075515747
0.8200000000000005,0.01,1.6211119008672457,0.0036607785068051707,0.0035617704334394117,1.6731685337381053,0.7189978409633025,0.0018869287868912364,0.040724349213201005,10.489196090698242
0.8300000000000005,0.01,1.6108948209605372,0.0036423821680113154,0.003598378218507463,1.6893796527467777,0.735729275043308,0.0019786231464017767,0.040724349213201005,10.491051416397095
0.8400000000000005,0.01,1.6032221707859333,0.0036240782754772896,0.0036348020401875763,1.705488600956383,0.7526228038882985,0.002073724539422633,0.040724349213201005,10.4879105758667
0.8500000000000005,0.01,1.594434833890705,0.003605866364637233,0.003671042822942349,1.7215208226642422,0.7696774049043449,0.0021723195833335887,0.040724349213201005,10.466964750289916
0.8600000000000005,0.01,1.5815313637355262,0.0035877459732598467,0.0037071014865887215,1.7374651710031492,0.7868923098995331,0.0022744973367874455,0.040724349213201005,10.460748510360718
0.8700000000000006,0.01,1.5721087335825927,0.0035697166414366604,0.00374297894632132,1.7532804846405046,0.8042666391770721,0.002380347233111991,0.040724349213201005,10.455479278564454
0.8800000000000006,0.01,1.5629715893447869,0.003551777911570361,0.0037786761127356866,1.7690015719763306,0.8217991013953266,0.0024899572125889552,0.040724349213201005,10.43743532180786
0.8900000000000006,0.01,1.5509007891003352,0.0035339293283631777,0.00381419389185139,1.7846312878697785,0.8394887532505069,0.0026034182543177866,0.040724349213201005,10.445835094451905
0.9000000000000006,0.01,1.5450458781038883,0.003516170438805326,0.003849533185135022,1.800140295760782,0.8573346799458168,0.0027208224705936564,0.040724349213201005,10.439948625564575
0.9100000000000006,0.01,1.5359178647513434,0.00349850079216351,0.003884694889523075,1.8155907545418208,0.8753356732829966,0.0028422610022980493,0.040724349213201005,10.42034423828125
0.9200000000000006,0.01,1.5236182783280483,0.0034809199399694836,0.00391967989744471,1.8309499331893342,0.8934911465960983,0.0029678300073259565,0.040724349213201005,10.427714290618896
0.9300000000000006,0.01,1.5176583678830755,0.003463427436008666,0.003954489096844405,1.8461861159726147,0.9118001858718281,0.0030976244000608076,0.040724349213201005,10.455396852493289
0.9400000000000006,0.01,1.5164995409287934,0.0034460228363088186,0.003989123371204491,1.8613626996514454,0.9302615599021133,0.0032317377659642627,0.040724349213201005,10.439495420455932
0.9500000000000006,0.01,1.5052009149473282,0.0034287056991287755,0.0040235835995675795,1.8765276950607332,0.9488746713841482,0.0033702690718672734,0.040724349213201005,10.437537565231324
0.9600000000000006,0.01,1.4971615843569424,0.0034114755849472315,0.004057870656558867,1.8915797042102065,0.9676394030621597,0.0035133218076895045,0.040724349213201005,10.42995062828064
0.9700000000000006,0.01,1.4878652944937127,0.0033943320564515877,0.0040919854124083395,1.9065513200537758,0.9865546236792377,0.003660992878859625,0.040724349213201005,10.41336986541748
0.9800000000000006,0.01,1.4765106419038574,0.0033772746785268514,0.004125928732972855,1.921429972998713,1.0056195278488518,0.003813382521919347,0.03490658503988664,10.413787317276
0.9900000000000007,0.01,1.4691687208650437,0.0025855505347115995,0.004159701479758124,1.9361950794177516,1.0248331844412424,0.003970590866071199,0.040724349213201005,10.36148448944092
1.0000000000000007,0.01,1.4495821744940056,0.0033434166448519593,0.00418555698510524,1.950886766626402,1.0441944564450467,0.004132717208321756,0.03490658503988664,10.36166365623474
1.0100000000000007,0.01,1.442278136474905,0.0025557364086454073,0.004218991151553759,1.965382588371342,1.0637026080553407,0.004299864956101766,0.03490658503988664,10.350201148986816
1.0200000000000007,0.01,1.4323556405779194,0.0025390193254211475,0.004244548515640214,1.9798053697360911,1.0833556790747914,0.004472118756497387,0.040724349213201005,10.331358852386474
1.0300000000000007,0.01,1.4207477140221316,0.0033009931269109144,0.004269938708894425,1.9941289261418702,1.103152937372961,0.004649584469087324,0.040724349213201005,10.332198219299316
1.0400000000000007,0.01,1.4137817880989056,0.0032882980302838087,0.004302948640163534,2.0083364032820916,1.1230933890131507,0.0048323569856858,0.03490658503988664,10.320903520584109
1.0500000000000007,0.01,1.4040426198285794,0.00249704058111626,0.004335831620466372,2.0224742211630806,1.1431758714648954,0.005020530974769313,0.03490658503988664,10.31340196609497
1.0600000000000007,0.01,1.3952233481739529,0.002480599090964841,0.004360802026277534,2.0365146473613662,1.1633996862327116,0.005214215677269128,0.03490658503988664,10.30483983039856
1.0700000000000007,0.01,1.386205303412314,0.00246811388805926,0.004385608017187183,2.0504668808431057,1.1837638574541631,0.0054135178477198505,0.040724349213201005,10.291113939285278
1.0800000000000007,0.01,1.3760264787450123,0.0032304633761374296,0.004410289156067775,2.064328933877229,1.2042675012877657,0.005618536110849943,0.040724349213201005,10.292036561965942
1.0900000000000007,0.01,1.3693107308534385,0.0032181228066971335,0.00444259378982915,2.0780891986646792,1.2249097139544918,0.005829370040570328,0.03490658503988664,10.27579207420349
1.1000000000000008,0.01,1.3586402179818082,0.002427218006283452,0.0044747750178961215,2.0917823059732137,1.2456894755425871,0.006046118979658618,0.03490658503988664,10.30513897895813
1.1100000000000008,0.01,1.358641275436957,0.0024111273922499663,0.004499047197958956,2.1053687081530317,1.266606112271108,0.006268895830686532,0.03490658503988664,10.288878049850464
1.1200000000000008,0.01,1.348053857555259,0.0023989913022185493,0.004523158471881455,2.118955120907401,1.2876585548463897,0.006497809223625554,0.03490658503988664,10.28159785270691
1.1300000000000008,0.01,1.339561938511245,0.0023869356652572995,0.00454714838490364,2.1324356594829537,1.3088468011117773,0.006732970103142423,0.03490658503988664,10.271571073532105
1.1400000000000008,0.01,1.3304820874160144,0.002374940708746207,0.004571017741556213,2.1458312788680662,1.3301697900588978,0.006974478994126922,0.03490658503988664,10.260528020858764
1.1500000000000008,0.01,1.321207565433012,0.0023630060304199204,0.004594767148643675,2.159136099742226,1.3516266701514037,0.007222439540756361,0.03490658503988664,10.219533891677855
1.1600000000000008,0.01,1.3049898581870534,0.0023511313268761895,0.004618397208947874,2.1723481753965563,1.3732165309985795,0.007476955396034294,0.03490658503988664,10.216859292984008
1.1700000000000008,0.01,1.2977597473313236,0.00233931629672409,0.004641908522216636,2.1853980739784267,1.394938442679206,0.007738130536393302,0.03490658503988664,10.199405908584597
1.1800000000000008,0.01,1.2871623416805258,0.002327560640089709,0.004665301685183878,2.19837567145174,1.4167907809387947,0.008006061056074569,0.03490658503988664,10.182259883880617
1.1900000000000008,0.01,1.276672803846274,0.0023158640586060882,0.004688577291584775,2.2112472948685453,1.4387728201531442,0.008280854181691348,0.03490658503988664,10.172486553192138
1.2000000000000008,0.01,1.2679565483105597,0.0023042262554056397,0.004711735932170836,2.2240140229070082,1.4608834979281202,0.008562613365266583,0.03490658503988664,10.172486553192138
1.2100000000000009,0.01,1.2615731842913283,0.002292646935112609,0.004734778194724893,2.236693588390114,1.4831217625901114,0.008851442435706751,0.03490658503988664,10.155163450241089
1.2200000000000009,0.01,1.2511913441945304,0.0022811258038355807,0.004757704664076019,2.249309320233027,1.50548673971283,0.009147447730959338,0.03490658503988664,10.156434879302978
1.2300000000000009,0.01,1.2451801450541815,0.0022696625691600177,0.004780515922114374,2.261821233674972,1.527977788071257,0.00945073892372192,0.03490658503988664,10.13732976913452
1.2400000000000009,0.01,1.2344663292939022,0.00225825694014084,0.0048032125478059745,2.274273035125514,1.5505938665598318,0.009761420607967898,0.03490658503988664,10.138430881500245
1.2500000000000009,0.01,1.2284973547873,0.00224690862729504,0.004825795117207383,2.286617698418453,1.5733343710282293,0.010079603499858038,0.03490658503988664,10.12175660133362
1.260000000000001,0.01,1.2184343577686183,0.002235617342594336,0.004848264203480333,2.298902671966326,1.5961982270396093,0.010405392024708958,0.03490658503988664,10.144333362579346
1.270000000000001,0.01,1.2175597819520174,0.0022243827994578606,0.004870620376906276,2.3110870155440124,1.619184834524333,0.010738897437916905,0.03490658503988664,10.137796049118045
1.280000000000001,0.01,1.2099422370222042,0.002213204712744889,0.004892864204900854,2.3232626133635326,1.6422931839811563,0.011080225319782932,0.03490658503988664,10.126484212875368
1.290000000000001,0.01,1.2012150096558198,0.0022020827987476,0.004914996252028303,2.3353620357337546,1.665523184580088,0.011429494898915236,0.03490658503988664,10.075517444610597
1.300000000000001,0.01,1.183273052542262,0.0021910167751838755,0.004937017080015779,2.3473741858303128,1.6888740711931598,0.011786815732499418,0.03490658503988664,10.06616886138916
1.310000000000001,0.01,1.175085641408981,0.0021800063611901377,0.004958927247767617,2.359206916355735,1.7123449676637938,0.012152295820918445,0.03490658503988664,10.05524230003357
1.320000000000001,0.01,1.1666197451632987,0.0021690512773142184,0.004980727311379518,2.3709577727698252,1.7359340764007494,0.012526028899677601,0.03490658503988664,10.041349201202392
1.330000000000001,0.01,1.1575025938956454,0.002158151245508268,0.0050024178241526605,2.382623970221458,1.759640575076794,0.012908123846584466,0.03490658503988664,10.045887670516969
1.340000000000001,0.01,1.1527284713432302,0.002147305989121697,0.005023999336607743,2.3941989961604144,1.7834636134435387,0.01329868923675714,0.03490658503988664,10.025908069610596
1.350000000000001,0.01,1.1422790514955985,0.0021365152328941556,0.00504547239649896,2.405726280873847,1.807402276059343,0.013697832679952657,0.03490658503988664,10.017495336532592
1.360000000000001,0.01,1.1345524380873482,0.002125778702948547,0.005066837548827902,2.417149071388803,1.8314560816483998,0.014105669084118255,0.03490658503988664,10.00204303741455
1.370000000000001,0.01,1.1252355063689936,0.002115096126784076,0.005088095335857387,2.4284945957696764,1.855623981406387,0.014522303959578474,0.03490658503988664,9.99739875793457
1.380000000000001,0.01,1.1184790789665617,0.0021044672332693336,0.005109246297125228,2.4397469508333662,1.8799051986927502,0.014947847448163496,0.03490658503988664,9.983798685073852
1.390000000000001,0.01,1.109679551100549,0.0020938917526354133,0.005130290969457921,2.450931741623032,1.9042987977802006,0.01538240696170584,0.029088820866572274,10.010245056152344
1.400000000000001,0.01,1.1102579756240312,0.0013086169329360716,0.005151229886984275,2.4620285371340374,1.9288040988725497,0.015826094445015523,0.029088820866572274,9.988316049575806
1.410000000000001,0.01,1.099592809667336,0.0012981474741728945,0.0051643160563136364,2.473131116890278,1.9534202178156388,0.016279018219976026,0.03490658503988664,9.950446453094482
1.420000000000001,0.01,1.0852052806102404,0.002066356873041209,0.0051772975310553655,2.484127044986951,1.9781472080111748,0.016741303849167607,0.029088820866572274,9.931169624328612
1.430000000000001,0.01,1.0752093898498676,0.0012851136521373494,0.005197961099785778,2.4949790977930535,2.002983998786411,0.017213046947389492,0.03490658503988664,9.93264907836914
1.440000000000001,0.01,1.070128569389606,0.002049534351305138,0.005210812236307151,2.5057311916915523,2.0279291472156333,0.01769433655510037,0.03490658503988664,9.913052253723144
1.450000000000001,0.01,1.0601799300229575,0.0020431087830444514,0.005231307579820202,2.5164324773854485,2.0529816491950843,0.018185279597816212,0.029088820866572274,9.90253297805786
1.460000000000001,0.01,1.0523747895207762,0.001258108627754931,0.005251738667650647,2.527034276685678,2.0781409921460954,0.01868598270089293,0.029088820866572274,9.885709409713746
1.470000000000001,0.01,1.0431483905903682,0.0012478930838397085,0.005264319753928197,2.5375580245808855,2.103406176531212,0.01919655252029466,0.029088820866572274,9.876519250869752
1.480000000000001,0.01,1.0357421462458327,0.0012416025407009337,0.005276798684766594,2.5479895084867894,2.128776417047431,0.01971709931038434,0.029088820866572274,9.862575092315671
1.490000000000001,0.01,1.0272727672969284,0.001235363075281735,0.0052892147101736035,2.5583469299492476,2.1542507864143166,0.020247720545702556,0.029088820866572274,9.858211059570312
1.500000000000001,0.01,1.0210757822584489,0.0012291550625782304,0.005301568340926421,2.568619657622217,2.179828539244159,0.02078851771058675,0.029088820866572274,9.8445028591156
1.5100000000000011,0.01,1.0127408383158647,0.0012229782472018215,0.005313859891552203,2.5788304154448016,2.205508823777368,0.021339590161142067,0.029088820866572274,9.825300636291503
1.5200000000000011,0.01,1.0031549407456166,0.0012168324718889304,0.005326089674024222,2.5889578238279602,2.231291015363214,0.02190104202289133,0.029088820866572274,9.8215908908844
1.5300000000000011,0.01,0.9972256292923798,0.0012107175806529212,0.0053382579987431115,2.5989893732354163,2.2571742755277895,0.022472972620854695,0.029088820866572274,9.809628658294676
1.5400000000000011,0.01,0.989418666984383,0.0012046334182934763,0.0053503651745496405,2.60896162952834,2.2831576406588168,0.02305547814596266,0.029088820866572274,9.795545072555544
1.5500000000000012,0.01,0.9811463688321236,0.0011985798303902119,0.005362411508732575,2.6188558161981836,2.309240512639178,0.023648662511218815,0.029088820866572274,9.776676054000854
1.5600000000000012,0.01,0.9717965045011074,0.0011925566632987445,0.005374397307036477,2.6286672798865047,2.3354221055606987,0.024252625006147496,0.029088820866572274,9.766758842468262
1.5700000000000012,0.01,0.9645767566326755,0.0011865637641467934,0.005386322873669465,2.638385244931516,2.3617015869226194,0.024867463345115255,0.029088820866572274,9.75398238182068
1.5800000000000012,0.01,0.9567365999590673,0.0011806009808302998,0.005398188511310933,2.648031012497843,2.388078016426788,0.025493272164845166,0.029088820866572274,9.73983554840088
1.5900000000000012,0.01,0.9486127883779505,0.0011746681620095657,0.005409994521119236,2.6575983784974335,2.4145506666575174,0.026130150549233764,0.029088820866572274,9.725756559371948
1.6000000000000012,0.01,0.9405440079380711,0.0011687651571054142,0.005421741202739331,2.667084506381213,2.441118748104544,0.026778195581141463,0.029088820866572274,9.724850721359251
1.6100000000000012,0.01,0.9355895817932189,0.0011628918162953665,0.005433428854310385,2.6764899464605936,2.4677814428299456,0.027437503095055136,0.029088820866572274,9.70308214187622
1.6200000000000012,0.01,0.925807526540821,0.0011570479905098395,0.0054450577724733384,2.6858458422785256,2.494537938326991,0.028108168486325427,0.029088820866572274,9.702760562896728
1.6300000000000012,0.01,0.9210545435366404,0.0011512335314283629,0.0054566282523784366,2.6951039175439337,2.521387733355512,0.028790294409374903,0.029088820866572274,9.676362800598143
1.6400000000000012,0.01,0.9102660280342665,0.0011454482914758138,0.00546814058769272,2.7043144629793003,2.5483298439942743,0.029483970821514546,0.02327105669325769,9.663956422805786
1.6500000000000012,0.01,0.9027659338317,3.649396402856486E-4,0.005479595070607478,2.713417123259643,2.575363788994045,0.03018929997678096,0.029088820866572274,9.645760164260864
1.6600000000000013,0.01,0.8939688100310468,0.0011339648823612933,0.005483244467010334,2.72244478259796,2.6024884836835294,0.03090636795272339,0.02327105669325769,9.638582754135133
1.6700000000000013,0.01,0.887780251332551,3.573877006268415E-4,0.005494584115833947,2.7313844706982704,2.6297031720520034,0.03163526879393371,0.02327105669325769,9.621272745132446
1.6800000000000013,0.01,0.8792714051817689,3.517178762150351E-4,0.0054981579928402155,2.740262273211596,2.6570069686155593,0.03237608313850572,0.02327105669325769,9.621272745132446
1.6900000000000013,0.01,0.8748325039251061,3.499309377119008E-4,0.005501675171602366,2.749054987263414,2.6843992483136243,0.03312890817903827,0.02327105669325769,9.601958198547363
1.7000000000000013,0.01,0.8659294193626781,3.4817234833082545E-4,0.005505174480979485,2.757803312302665,2.711879154339302,0.03389382459257982,0.02327105669325769,9.59635552406311
1.7100000000000013,0.01,0.8602479661300599,3.464226936422659E-4,0.005508656204462794,2.766462606496292,2.7394462366489716,0.034670924242986075,0.02327105669325769,9.576882495880128
1.7200000000000013,0.01,0.8513746124572172,3.4468183190061166E-4,0.005512120431399216,2.7750650861575927,2.7670995988854257,0.03546028622184562,0.02327105669325769,9.55236538887024
1.7300000000000013,0.01,0.8413527143242594,3.429497184324003E-4,0.0055155672497182225,2.783578832282165,2.794838666662181,0.03626199821356636,0.02327105669325769,9.54113959312439
1.7400000000000013,0.01,0.8344764889212752,3.4122630927289725E-4,0.005518996746902547,2.7919923594254072,2.8226625464751787,0.037076138069359436,0.02327105669325769,9.526171827316285
1.7500000000000013,0.01,0.8267772466610963,3.3951156068073515E-4,0.005522409009995276,2.80033712431462,2.8505702299630813,0.03790277937490622,0.02327105669325769,9.50824990272522
1.7600000000000013,0.01,0.818423081811908,3.3780542913437045E-4,0.005525804125602084,2.808604896781231,2.8785610231445475,0.03874200404914789,0.02327105669325769,9.498008155822754
1.7700000000000014,0.01,0.811899454634694,3.3610787133096657E-4,0.005529182179893428,2.81678912759935,2.9066341497214125,0.03959389067403486,0.02327105669325769,9.480636777877807
1.7800000000000014,0.01,0.8037540177051465,3.3441884418529454E-4,0.005532543258606738,2.8249081221456973,2.934788767884791,0.040458514875954116,0.02327105669325769,9.480048837661744
1.7900000000000014,0.01,0.7995573343815583,3.327383048286397E-4,0.005535887447048591,2.8329456623227487,2.963024218746227,0.041335956901347705,0.02327105669325769,9.468317308425902
1.8000000000000014,0.01,0.7928012074713362,3.310662106077132E-4,0.005539214830096877,2.8409412356665644,2.991339681266317,0.042226291018790205,0.02327105669325769,9.452029418945312
1.8100000000000014,0.01,0.7850029132539573,3.2940251908356987E-4,0.005542525492202954,2.848869247741278,3.019734729039548,0.04312960292892529,0.02327105669325769,9.42926510810852
1.8200000000000014,0.01,0.775727234688016,3.2774718803053144E-4,0.00554581951739379,2.856719276873817,3.048208679794614,0.044045969378913453,0.02327105669325769,9.415506162643432
1.8300000000000014,0.01,0.7685917995132256,3.2610017543511366E-4,0.005549096989274095,2.864476549220697,3.076760747052502,0.044975462782504104,0.02327105669325769,9.393524808883669
1.8400000000000014,0.01,0.7595841807958408,3.244614394949611E-4,0.005552357991028446,2.8721624672158295,3.1053899966317586,0.04591814970410837,0.01745329251994332,9.375879945755004
1.8500000000000014,0.01,0.7516240870682529,-4.519215449152094E-4,0.005555602605423395,2.8797583090237877,3.1340957082182856,0.04687410269430676,0.02327105669325769,9.36980019569397
1.8600000000000014,0.01,0.7464075578166991,3.212086314203109E-4,0.005551083389974243,2.88727454989447,3.1628769743393583,0.047843387124778196,0.01745329251994332,9.353492860794068
1.8700000000000014,0.01,0.738844392571381,-4.51284244388108E-4,0.005554295476288446,2.894738625472637,3.191732992174284,0.04882607087720026,0.01745329251994332,9.346705694198608
1.8800000000000014,0.01,0.7335286825766902,-4.528902875452095E-4,0.005549782633844565,2.9021270693983507,3.220663233380506,0.04982222083083479,0.01745329251994332,9.332721090316772
1.8900000000000015,0.01,0.7265713863747381,-4.5063386632326896E-4,0.0055452537309691125,2.9094623562241178,3.24966693470237,0.05083190510107663,0.01745329251994332,9.31226014137268
1.9000000000000015,0.01,0.7181295215415668,-4.483694148855427E-4,0.00554074739230588,2.9167280700878653,3.278743557791232,0.05185518901904876,0.01745329251994332,9.29979564666748
1.9100000000000015,0.01,0.7115882825118129,-4.4611624555392646E-4,0.005536263698157025,2.923909365303281,3.3078924001909464,0.05289213175635339,0.01745329251994332,9.274121360778809
1.9200000000000015,0.01,0.702006968196748,-4.438743984794989E-4,0.0055318025357014855,2.931025248128399,3.337112611043646,0.053942786492505244,0.01745329251994332,9.261051683425904
1.9300000000000015,0.01,0.6953994354018447,-4.416438172517292E-4,0.005527363791716691,2.9380453178103667,3.3664035294010537,0.055007212298419046,0.01745329251994332,9.243864669799803
1.9400000000000015,0.01,0.6878790973814375,-4.394244452593319E-4,0.005522947353544173,2.944999312164385,3.3957641904817346,0.05608545617442146,0.01745329251994332,9.243750009536743
1.9500000000000015,0.01,0.6843753461430477,-4.3721622617307315E-4,0.00551855310909158,2.9518781031381995,3.4251939266640092,0.05717757480652189,0.01745329251994332,9.22718599319458
1.9600000000000015,0.01,0.6770710135096356,-4.3501910394677656E-4,0.005514180946829849,2.95872185659963,3.454691979088637,0.05828362034473136,0.01745329251994332,9.207775859832765
1.9700000000000015,0.01,0.6691201056611633,-4.3283302281591114E-4,0.005509830755790382,2.9654925667347265,3.4842579902551516,0.05940365881441299,0.01745329251994332,9.193757572174071
1.9800000000000015,0.01,0.6624638168065868,-4.3065792729617743E-4,0.005505502425562223,2.9721837677913383,3.513891222857614,0.060537740762184204,0.01745329251994332,9.193757572174071
1.9900000000000015,0.01,0.6591182162782809,-4.284937621820981E-4,0.005501195846289261,2.978808405959404,3.543590874970784,0.061685912922137834,0.01745329251994332,9.15115659713745
2.0000000000000013,0.01,0.6458656696857032,-4.263404725456171E-4,0.005496910908667441,2.985399588122187,3.573356274026691,0.06284822569589477,0.011635528346628954,9.136581554412842
2.010000000000001,0.01,0.639169235301903,-0.0011989504872677015,0.005492647503941984,2.9918582448190443,3.6031870782614486,0.064024741222178,0.01745329251994332,9.126337900161744
2.020000000000001,0.01,0.6335497209615515,-4.220663013719786E-4,0.005480657999069307,2.9982499371720635,3.6330819559767416,0.06521548136882513,0.01745329251994332,9.109192552566528
2.0300000000000007,0.01,0.6263532936794916,-4.1607154893564006E-4,0.005476437336055588,3.004585434381679,3.663040230571386,0.06642049252525026,0.01745329251994332,9.091125478744509
2.0400000000000005,0.01,0.6189698945162123,-4.139612174287803E-4,0.005472276620566231,3.010848967318474,3.693061333423996,0.06763981478078969,0.01745329251994332,9.07725609779358
2.0500000000000003,0.01,0.612601939159265,-4.11880859684102E-4,0.005468137008391943,3.017038666263636,3.7231445379372983,0.06887349083677842,0.011635528346628954,9.06205069541931
2.06,0.01,0.6059591624660212,-0.0011845635371299527,0.005464018199795102,3.023164685655229,3.7532890988371954,0.07012156115746845,0.011635528346628954,9.034050407409667
2.07,0.01,0.5963627522346413,-0.001182504132831532,0.005452172564423802,3.0292242772798894,3.783494372310921,0.07138406899377542,0.011635528346628954,9.02542281150818
2.0799999999999996,0.01,0.5913198507119641,-0.0011765813151458822,0.005440347523095487,3.035187904802236,3.8137596870877677,0.07266105515836747,0.011635528346628954,9.00138454437256
2.0899999999999994,0.01,0.5827291079524792,-0.0011706687944817247,0.005428581709944028,3.0411011033093556,3.844084077203427,0.07395253719815294,0.011635528346628954,8.989776811599732
2.099999999999999,0.01,0.5770640377185929,-0.0011647858879059953,0.00541687502199921,3.0469283943888805,3.8744670316185803,0.07525855138706623,0.011635528346628954,8.979285535812378
2.109999999999999,0.01,0.5717024278284482,-0.0011589325439335864,0.0054052271631201505,3.0526990347660665,3.904907684826998,0.07657911804504706,0.011635528346628954,8.95952296257019
2.1199999999999988,0.01,0.564205840550011,-0.0011531086144940565,0.005393637837680814,3.058416059044351,3.9354054636195785,0.07791426912450458,0.011635528346628954,8.94718906402588
2.1299999999999986,0.01,0.5584694187505299,-0.0011473139517743883,0.005382106751535874,3.064058117449851,3.965959825110024,0.07926403685757005,0.011635528346628954,8.921670780181884
2.1399999999999983,0.01,0.5496941233175141,-0.001141548408701918,0.005370633612018129,3.0696428116373564,3.996570013137147,0.08062844282912694,0.011635528346628954,8.89518934249878
2.149999999999998,0.01,0.5407227740977039,-0.001135811838943046,0.00535921812793111,3.0751397528705318,4.0272354474045065,0.08200751508899795,0.011635528346628954,8.882822742462158
2.159999999999998,0.01,0.5350887634725712,-0.0011301040968995362,0.005347860009541679,3.080546980611509,4.057955244061407,0.08340126661891549,0.011635528346628954,8.865110921859742
2.1699999999999977,0.01,0.5282523914615187,-0.001124425037704821,0.005336558968572684,3.0858978682462346,4.088728499708002,0.08480970791510249,0.011635528346628954,8.856034955978394
2.1799999999999975,0.01,0.5234592222718415,-0.001118774517220323,0.005325314718195635,3.0911803921608496,4.119554644362795,0.08623286322863721,0.005817764173314366,8.833340492248535
2.1899999999999973,0.01,0.5155225854442336,-0.001887904875564823,0.0053141269730234315,3.096414984383568,4.150432987965186,0.08767074989339646,0.005817764173314366,8.815706777572633
2.199999999999997,0.01,0.5087907559084968,-0.0018823110029787212,0.005295247924267783,3.1015702102380107,4.181363044585062,0.08912339336058081,0.005817764173314366,8.796157484054566
2.209999999999997,0.01,0.5016516411603935,-0.001872871478600897,0.005276424814237996,3.1066581177970956,4.212344014324092,0.09059080296014875,0.005817764173314366,8.772258081436156
2.2199999999999966,0.01,0.49353116010322196,-0.0018634599235860033,0.005257696099451987,3.1116746342086996,4.243375218124303,0.09207298270540897,0.005817764173314366,8.760282697677612
2.2299999999999964,0.01,0.488228645687093,-0.0018540955661929988,0.005239061500216127,3.116609945809732,4.274455936263294,0.09356993390113309,0.005817764173314366,8.7391592502594
2.239999999999996,0.01,0.4808321854889941,-0.001844778266575069,0.005220520544554197,3.1214922322666028,4.305585351028156,0.09508165207236273,0.005817764173314366,8.727434959411621
2.249999999999996,0.01,0.47565537439607675,-0.001835507788744104,0.005202072761888447,3.1263005541214928,4.336762926213249,0.09660814517351801,0.005817764173314366,8.708656606674195
2.259999999999996,0.01,0.4688695978298989,-0.0018262838974112288,0.005183717684001006,3.1310571078654537,4.367987916517453,0.0981494095805615,0.005817764173314366,8.688970489501953
2.2699999999999956,0.01,0.4618978936177287,-0.0018171063584675085,0.005165454845026894,3.1357458038437525,4.399259798392824,0.0997054511109796,0.005817764173314366,8.666704120635986
2.2799999999999954,0.01,0.454358059559854,-0.0018079749389804524,0.005147283781442219,3.1403647827799297,4.430577887655286,0.10127626605260569,0.005817764173314366,8.646426906585694
2.289999999999995,0.01,0.44731722014669684,-0.001798889407188115,0.005129204032052415,3.1449083633755284,4.461941481621937,0.10286184808690023,0.0,8.627861251831055
2.299999999999995,0.01,0.44071344373948196,-0.0025646020160262073,0.005111215137980534,3.149381535576995,4.4933498209442595,0.10446218630640691,0.005817764173314366,8.61563593864441
2.3099999999999947,0.01,0.4356242845618645,-0.0017808550854572724,0.005085569117820272,3.15378867001439,4.524802196185867,0.10607727061517624,0.005817764173314366,8.592434234619141
2.3199999999999945,0.01,0.4280069864039382,-0.0017680320753771413,0.0050677605669656985,3.1581449128600085,4.556297941635833,0.107707091483267,0.0,8.579181652069092
2.3299999999999943,0.01,0.42273659571945044,-0.0025338802834828492,0.005050080246211927,3.162424982724048,4.587836543415394,0.10935163605628499,0.0,8.5510657787323
2.339999999999994,0.01,0.4140361903421792,-0.0025250401231059635,0.005024741443377098,3.1666523486812426,4.619417234726763,0.11101088692090814,0.0,8.536637382507324
2.349999999999994,0.01,0.40855588157775435,-0.002512370721688549,0.004999491042146038,3.1707927105846645,4.6510394832320285,0.11268483710298773,0.0,8.511929636001588
2.3599999999999937,0.01,0.400720559774705,-0.002499745521073019,0.0049743673349291525,3.174878269400442,4.682702414673848,0.11437345010196041,0.0,8.494078130722047
2.3699999999999934,0.01,0.3945124291349231,-0.0024871836674645762,0.004949369879718423,3.178885474998189,4.7144054764162275,0.11607670542926171,0.0,8.468297634124756
2.3799999999999932,0.01,0.3864933771300152,-0.0024746849398592113,0.004924498043043777,3.182830599289538,4.746147880736928,0.1177945687115359,0.0,8.450719442367554
2.389999999999993,0.01,0.3804192369076602,-0.0024622490215218886,0.004899751193645185,3.1866955330608384,4.777929002484578,0.1195270128920081,0.0,8.444802503585816
2.399999999999993,0.01,0.37710615097293787,-0.0024498755968225924,0.004875128703429966,3.1904997254299152,4.809748035781461,0.12127399946746509,0.0,8.420955314636231
2.4099999999999926,0.01,0.369639710700163,-0.002437564351714983,0.00485062994746174,3.1942707869396445,4.8416043690527335,0.12303549891580166,0.0,8.394940071105957
2.4199999999999924,0.01,0.36168395645490103,-0.00242531497373087,0.004826254303944589,3.197967184046646,4.873497666506951,0.12481149540407843,0.0,8.381130647659301
2.429999999999992,0.01,0.3566135590971806,-0.0024131271519722947,0.004802001154207281,3.201584023611195,4.9054271777657465,0.1266019483630815,0.0,8.346672515869141
2.439999999999992,0.01,0.34676490856386866,-0.0024010005771036404,0.004777869882687558,3.205150159202167,4.937392103715873,0.12840681263142323,0.0,8.325723829269409
2.4499999999999917,0.01,0.34009381389511173,-0.002388934941343779,0.004753859876916522,3.208617808287806,4.96939193343621,0.13022605757722935,-0.005817764173314366,8.308821907043457
2.4599999999999915,0.01,0.33441620749957046,-0.0031516824219912556,0.004729970527503085,3.212018746426757,5.001425679069484,0.13205962368425828,-0.005817764173314366,8.291186361312866
2.4699999999999913,0.01,0.3286007777596236,-0.003139737747284537,0.004698453703283172,3.2153629085017528,5.0334926701175915,0.13390746779572615,-0.005817764173314366,8.270276536941529
2.479999999999991,0.01,0.32204973770214695,-0.0031239793351745806,0.004667056325810327,3.218648916279349,5.065592335378633,0.13576955089429169,-0.005817764173314366,8.26141658782959
2.489999999999991,0.01,0.31833941235389673,-0.003108280646438158,0.004635816532458581,3.2218694136563704,5.097724090562266,0.13764582204892484,-0.005817764173314366,8.228374967575073
2.4999999999999907,0.01,0.30901945227266525,-0.003092660749762285,0.004604733725994199,3.2250528077799094,5.129887278028202,0.13953622515314906,-0.005817764173314366,8.208878812789917
2.5099999999999905,0.01,0.30287865242769274,-0.0030771193465300942,0.004573807118496576,3.228143002302636,5.162081523814406,0.14144071971981184,-0.005817764173314366,8.177246742248535
2.5199999999999902,0.01,0.2939527387066734,-0.0030616560427812827,0.0045430359250312755,3.231171788826913,5.194305894091122,0.14335923075722048,-0.005817764173314366,8.158638973236084
2.52999999999999,0.01,0.28809653267496316,-0.0030462704460486323,0.004512419364603463,3.23411131621398,5.226559772515177,0.14529170054931534,-0.005817764173314366,8.138820543289185
2.53999999999999,0.01,0.2820024686604867,-0.003030962165834726,0.004481956660142976,3.2369922815407293,5.2588422648687985,0.14723805303659349,-0.005817764173314366,8.118906850814819
2.5499999999999896,0.01,0.2759154577530931,-0.0030157308136044827,0.004451647038484629,3.2398123062273343,5.291152783490991,0.14919822890636278,-0.005817764173314366,8.129553747177123
2.5599999999999894,0.01,0.27698972122766174,-0.003000576002775309,0.004421489730348584,3.2425714608048652,5.32349071711846,0.15117216575022477,-0.011635528346628732,8.11687572479248
2.569999999999989,0.01,0.27265193871581284,-0.0037602498322402813,0.004391483970320831,3.245341358017142,5.355855455335885,0.1531597995093017,-0.005817764173314366,8.087914113998414
2.579999999999989,0.01,0.2645092809243923,-0.00297049446869341,0.004353881471998429,3.2480678774043,5.388247102638095,0.15516110859458207,-0.011635528346628732,8.060200605392456
2.5899999999999888,0.01,0.25667953588942316,-0.0037264457030652034,0.004324176527311495,3.250712970213544,5.420665223476371,0.157176036617491,-0.011635528346628732,8.014067420959472
2.5999999999999885,0.01,0.24459257978377158,-0.0037115932307217364,0.004286912070280842,3.2532797655724384,5.453109003303791,0.15920449218303712,-0.011635528346628732,7.980614891052246
2.6099999999999883,0.01,0.23550359179263824,-0.00369296100220641,0.004249796137973625,3.255725691370276,5.485577658328678,0.16124639428235288,-0.011635528346628732,7.991894006729126
2.619999999999988,0.01,0.23691242255165812,-0.0036744030360528015,0.004212866527951561,3.2580807272882026,5.518069980668384,0.16330162339791535,-0.011635528346628732,7.975957155227661
2.629999999999988,0.01,0.23201630590901967,-0.0036559382310417696,0.004176122497591033,3.260449851513719,5.5505850617860775,0.165370077521774,-0.011635528346628732,7.948488054275512
2.6399999999999877,0.01,0.22442228690742683,-0.0036375662158615054,0.004139563115280615,3.2627700145728094,5.583123040931288,0.16745172027917454,-0.011635528346628732,7.9297114276885985
2.6499999999999875,0.01,0.21888099250760162,-0.0036192865247062964,0.0041031874531219995,3.265014237441884,5.615683428276906,0.16954647389305258,-0.011635528346628732,7.909774074554443
2.6599999999999873,0.01,0.21310683200842817,-0.003601098693626989,0.004066994587874936,3.26720304736696,5.648265464926548,0.17165424162959037,-0.011635528346628732,7.882313385009765
2.669999999999987,0.01,0.20560493281879855,-0.003583002261003457,0.004030983600938666,3.269334115687044,5.680868596997657,0.1737749383137575,-0.011635528346628732,7.850203695297242
2.679999999999987,0.01,0.19704713772583426,-0.003564996767535322,0.003995153578328632,3.271390165015232,5.7134922475392775,0.17590847559670958,-0.011635528346628732,7.836652002334595
2.6899999999999866,0.01,0.19285705137045617,-0.003547081756230305,0.0039595036106532784,3.27336063639249,5.746135667371302,0.1780547521040683,-0.011635528346628732,7.807504167556763
2.6999999999999864,0.01,0.18507065423366642,-0.0035292567723926283,0.003924032793090976,3.2752892069061947,5.778798002134046,0.1802136577145215,-0.011635528346628732,7.785066118240357
2.709999999999986,0.01,0.17887082413631927,-0.003511521363611477,0.0038887402253670496,3.2771399134485315,5.811478833458564,0.18238510949295525,-0.011635528346628732,7.767647943496704
2.719999999999986,0.01,0.17388123009163192,-0.003493875079749514,0.0038536250117309346,3.2789286216898947,5.844177384307393,0.18456899905478721,-0.01745329251994332,7.738226337432861
2.7299999999999858,0.01,0.16612183455605356,-0.004251069956464481,0.0038186862609334393,3.280667433990811,5.876893036119652,0.18676522698301642,-0.01745329251994332,7.711440782546997
2.7399999999999856,0.01,0.15900246559889375,-0.004233600581065733,0.0037761755613687944,3.2823286523363717,5.909625291249935,0.18897370051258827,-0.01745329251994332,7.689382858276368
2.7499999999999853,0.01,0.15302500742963354,-0.004212345231283411,0.003733839555558137,3.2839186769923607,5.942373375868232,0.19119430674235993,-0.01745329251994332,7.6656592655181885
2.759999999999985,0.01,0.14669449012473024,-0.004191177228378082,0.0036917161032453028,3.285448927066657,5.975136580826556,0.19342692595951458,-0.01745329251994332,7.638878755569458
2.769999999999985,0.01,0.13968057943287837,-0.004170115502221665,0.003649804330961522,3.286915871967904,6.007914311028888,0.19567144551154222,-0.01745329251994332,7.61337121963501
2.7799999999999847,0.01,0.13299534859755013,-0.004149159616079774,0.0036081031759393053,3.288312677762233,6.04070593629494,0.19792774942508426,-0.01745329251994332,7.625670328140259
2.7899999999999845,0.01,0.13516673768494414,-0.004128309038568666,0.0035666115797785077,3.2896426312482085,6.073510758422681,0.2001957158799659,-0.01745329251994332,7.557261753082275
2.7999999999999843,0.01,0.11853976009509326,-0.004107563240488267,0.003525328489392821,3.290994298625058,6.106328112166901,0.202475224019735,-0.01745329251994332,7.580146083831787
2.809999999999984,0.01,0.12320360358155469,-0.004086921695295424,0.0034842528569879383,3.292179696226009,6.139158215964302,0.20476621332790287,-0.01745329251994332,7.547002754211426
2.819999999999984,0.01,0.11487746120299502,-0.004066383879092982,0.003443383640034984,3.2934117322618244,6.171999413173063,0.20706849070465977,-0.01745329251994332,7.488718891143799
2.8299999999999836,0.01,0.10066187513597424,-0.004045949270616506,0.0034027198012440544,3.294560506873854,6.2048521711882625,0.20938201066669448,-0.01745329251994332,7.465758991241455
2.8399999999999834,0.01,0.09473017785274584,-0.0040256173512210405,0.0033622603085378894,3.295567125625214,6.237715661788842,0.21170663512903296,-0.01745329251994332,7.468877744674683
2.849999999999983,0.01,0.09495457761148574,-0.004005387604867959,0.003322004135025679,3.2965144274037415,6.270588469490856,0.21404218254592858,-0.01745329251994332,7.440804138183593
2.859999999999983,0.01,0.08793041854096773,-0.0039852595181118534,0.003281950258976999,3.2974639731798563,6.30347000530737,0.2163885285040975,-0.01745329251994332,7.417462015151978
2.869999999999983,0.01,0.08200915027886668,-0.003965232580087514,0.0032420976637958804,3.298343277365266,6.336360294455627,0.21874559133438756,-0.01745329251994332,7.390703334808349
2.8799999999999826,0.01,0.07532580610598183,-0.003945306282496954,0.003202445337995005,3.2991633688680544,6.369258639320955,0.22111323629426266,-0.01745329251994332,7.364452114105225
2.8899999999999824,0.01,0.06879047552385864,-0.003925480119596516,0.0031629922751700355,3.299916626929114,6.402164452469371,0.22349133521768244,-0.01745329251994332,7.344593906402588
2.899999999999982,0.01,0.06378026469604703,-0.0039057535881840315,0.00312373747397407,3.3006045316843524,6.435077070629885,0.22587975316447478,-0.01745329251994332,7.312678432464599
2.909999999999982,0.01,0.05598936839956359,-0.0038861261875860484,0.0030846799380922297,3.301242334331313,6.467995845462558,0.2282783550433367,-0.01745329251994332,7.290212669372559
2.9199999999999817,0.01,0.05042845568794041,-0.0038665974196451284,0.003045818676216369,3.3018022280153088,6.500920280895297,0.23068701575699613,-0.01745329251994332,7.267870235443115
2.9299999999999815,0.01,0.044935274262405844,-0.003847166788707198,0.003007152702019918,3.302306512572188,6.533849603689844,0.23310558880431206,-0.01745329251994332,7.2706013202667235
2.9399999999999813,0.01,0.04532038510947478,-0.0038278338016089724,0.0029686810341328458,3.302755865314812,6.566783263160913,0.2355339430085787,-0.01745329251994332,7.2445922946929935
2.949999999999981,0.01,0.03902693610429253,-0.0038085979676654364,0.002930402696116756,3.303209069165907,6.599720715523877,0.23797194678719874,-0.01745329251994332,7.221177291870117
2.959999999999981,0.01,0.03333683352007388,-0.003789458798657392,0.002892316716440102,3.30359933852695,6.632662003344828,0.24041951132347728,-0.01745329251994332,7.197605857849121
2.9699999999999807,0.01,0.027641697567986512,-0.0037704158088190647,0.002854422128453528,3.303932706862151,6.6656065033061385,0.24287649753646376,-0.01745329251994332,7.127759246826172
2.9799999999999804,0.01,0.011177470828364733,-0.0037514685148257775,0.0028167179703653374,3.304209123837831,6.698553652398057,0.2453427699995625,-0.02327105669325769,7.13657320022583
2.9899999999999802,0.01,0.013095851467111563,-0.004507368919314678,0.0027792032852170796,3.3043208985461145,6.731502887243095,0.24781819249518877,-0.02327105669325769,7.103591842651367
2.99999999999998,0.01,0.005344314012261764,-0.0044886115767405485,0.002734129596023933,3.3044518570607857,6.764452570741273,0.25030254702438354,-0.02327105669325769,7.103591842651367
3.00999999999998,0.01,0.005278834754926187,-0.004466074732143975,0.0026892434802565273,3.3045053002009084,6.797402898960759,0.25279575335187093,-0.02327105669325769,7.056085128784179
3.0199999999999796,0.01,-0.005832786717478999,-0.004443631674260273,0.0026445827329350875,3.3045580885484576,6.830353104585465,0.25529764807291316,-0.02327105669325769,7.022368965148925
3.0299999999999794,0.01,-0.013726285739479538,-0.004421301300599552,0.002600146416192485,3.3044997606812827,6.8633031867581495,0.2578081262887986,-0.02327105669325769,6.997438116073608
3.039999999999979,0.01,-0.019514319923465973,-0.004399083142228251,0.0025559334031864892,3.3043624978238877,6.89625204330174,0.26032699891443406,-0.02327105669325769,6.976636905670166
3.049999999999979,0.01,-0.02429930425557192,-0.004376976635725253,0.002511942571764207,3.304167354624653,6.929198893034765,0.2628541008854612,-0.02327105669325769,6.943835067749023
3.0599999999999787,0.01,-0.03185549483755423,-0.004354981220014112,0.0024681728054069545,3.303924361582097,6.962143164824727,0.2653892827262413,-0.02327105669325769,6.91114725112915
3.0699999999999785,0.01,-0.03936115552758013,-0.0043330963368354855,0.002424622993206813,3.3036058066337213,6.995084387671269,0.26793240208641034,-0.01745329251994332,6.914229307174683
3.0799999999999783,0.01,-0.03848273164276805,-0.00353656894720242,0.0023812920298384582,3.3032121950784457,7.028021814412862,0.27048329451937103,-0.01745329251994332,6.881493005752564
3.089999999999978,0.01,-0.045924396196957984,-0.0035149034655182427,0.002345926340366434,3.302827367762018,7.060954703069051,0.27304179512139803,-0.01745329251994332,6.849570560455322
3.099999999999978,0.01,-0.05318055310810044,-0.003497220620782231,0.002310777305711252,3.3023681238000484,7.093883147668497,0.2756078033803434,-0.01745329251994332,6.82255410194397
3.1099999999999777,0.01,-0.0592547714464311,-0.0034796461034546393,0.0022758050995034295,3.3018363182689674,7.126806412125521,0.2781811630524364,-0.01745329251994332,6.791035108566284
3.1199999999999775,0.01,-0.06634330046901749,-0.0034621600003507283,0.002241008638468883,3.3012437705545032,7.159723779040637,0.28076171776792336,-0.01745329251994332,6.754368085861206
3.1299999999999772,0.01,-0.07460266524297032,-0.003444761769833455,0.0022063870384653756,3.300580337549813,7.192634649009837,0.2833493191925784,-0.01745329251994332,6.735945425033569
3.139999999999977,0.01,-0.07856956960040695,-0.0034274509698317013,0.002171939420767041,3.2998343108973835,7.225538321651261,0.2859438101191402,-0.011635528346628732,6.711522665023804
3.149999999999977,0.01,-0.08389520027647102,-0.0026354746774495093,0.002137664911068724,3.2990486152013796,7.258433979986788,0.28854502341486343,-0.011635528346628732,6.67283034324646
3.1599999999999766,0.01,-0.09253056084318234,-0.002618337422600351,0.0021113101642942288,3.298209663198615,7.291321235045099,0.2911528254157494,-0.011635528346628732,6.654530382156372
3.1699999999999764,0.01,-0.09638107576282073,-0.0026051600492131037,0.0020851267900682253,3.297284357590183,7.324199562491512,0.29376707149599746,-0.011635528346628732,6.617273559570313
3.179999999999976,0.01,-0.10461168156201861,-0.002592068362100102,0.0020590751895760945,3.296320546832555,7.357068107366037,0.2963876003190061,-0.011635528346628732,6.582180109024048
3.189999999999976,0.01,-0.11231824797733303,-0.0025790425618540365,0.0020331545059550935,3.2952744300169345,7.389926491790199,0.2990142879252951,-0.011635528346628732,6.555761756896973
3.1999999999999758,0.01,-0.11795947173250676,-0.002566082220043536,0.002007364080336553,3.2941512475371613,7.4227739013582426,0.30164697506612886,-0.011635528346628732,6.524133949279785
3.2099999999999755,0.01,-0.1247777022699641,-0.0025531870072342654,0.001981703258136118,3.292971652819836,7.455609573964222,0.30428550660431725,-0.011635528346628732,6.487332429885864
3.2199999999999753,0.01,-0.13277492610321628,-0.002540356596134048,0.001956171388063775,3.2917238757971363,7.488432953407789,0.3069297442129902,-0.005817764173314366,6.455608634948731
3.229999999999975,0.01,-0.13955325641053107,-0.0017528381775648821,0.0019307678221024346,3.290396126536104,7.521243366187449,0.30957954055942244,-0.011635528346628732,6.421292428970337
3.239999999999975,0.01,-0.14689649650830683,-0.0025148888781172064,0.0019132394403267858,3.289000593971999,7.554040021295424,0.3122347393619558,-0.011635528346628732,6.386535692214966
3.2499999999999747,0.01,-0.15430863546917406,-0.002506124687229382,0.0018880905515456137,3.287531629006916,7.586822249213691,0.3148951948548316,-0.005817764173314366,6.356251430511475
3.2599999999999745,0.01,-0.16064048071744708,-0.0017187977593058014,0.0018630293046733198,3.285988542652224,7.619589323314157,0.31756076722613913,-0.005817764173314366,6.319998817443848
3.2699999999999743,0.01,-0.16832788058921433,-0.0017062671358696545,0.0018458413270802617,3.2843821378450495,7.652340510934534,0.3202313064411714,-0.005817764173314366,6.283823900222778
3.279999999999974,0.01,-0.17596549220387647,-0.0016976731470731254,0.0018287786557215652,3.2826988590391575,7.685075187042133,0.3229066723731837,-0.005817764173314366,6.256765260696411
3.289999999999974,0.01,-0.18143753535708296,-0.0016891418113937772,0.0018118019242508339,3.280939204117119,7.717792590657551,0.3255867247196062,-0.005817764173314366,6.217474060058594
3.2999999999999736,0.01,-0.18972565471155423,-0.0016806534456584115,0.001794910506136896,3.279124828763548,7.750491965778299,0.3282713239120039,-0.005817764173314366,6.187391605377197
3.3099999999999734,0.01,-0.19583770646042797,-0.0016722077366014426,0.001778103971680312,3.2772275722164323,7.783172772223359,0.33096034870956853,0.0,6.15910122871399
3.319999999999973,0.01,-0.20149016607495196,-8.89051985840156E-4,0.0017613818943142975,3.2752691951518282,7.815834189130818,0.3336536555258547,0.0,6.124826927185058
3.329999999999973,0.01,-0.2085083145660671,-8.806909471571488E-4,0.0017524913744558959,3.2732542934910787,7.8484756124722,0.33635111957932695,0.0,6.092533645629882
3.3399999999999728,0.01,-0.2150359627652334,-8.762456872279479E-4,0.0017436844649843244,3.271169210345418,7.881096483973043,0.33905262092325555,0.0,6.060239381790161
3.3499999999999726,0.01,-0.22152874942167133,-8.718422324921622E-4,0.001734922008112045,3.2690188507177655,7.913696108391021,0.3417580392047759,0.0,6.027508306503296
3.3599999999999723,0.01,-0.2280908205081138,-8.674610040560225E-4,0.0017262035857871234,3.266803563223549,7.946273839362557,0.3444672585353282,0.0,5.981943883895874
3.369999999999972,0.01,-0.23761487536940384,-8.631017928935617E-4,0.0017175289757465633,3.264522655018468,7.9788290339695305,0.3471801640204279,0.005817764173314366,5.9612721347808835
3.379999999999972,0.01,-0.24129782939369449,-8.401200434028709E-5,0.0017088979578176277,3.2621465062647736,8.011361042338658,0.3498966411478728,0.005817764173314366,5.923982353210449
3.3899999999999717,0.01,-0.24881070404994876,-7.969649537581933E-5,0.0017080578377742248,3.2597335279708366,8.043868919364522,0.35261655182743906,0.005817764173314366,5.890298166275024
3.3999999999999715,0.01,-0.2554638585212461,-7.927643535411786E-5,0.0017072608728204667,3.257245420930337,8.07635230193622,0.3553398079737538,0.005817764173314366,5.861813020706177
3.4099999999999713,0.01,-0.26086633896706046,-7.88779528772388E-5,0.0017064681084669256,3.2546907823451243,8.108810444379014,0.3580663006622556,0.005817764173314366,5.826283054351807
3.419999999999971,0.01,-0.2678793451571406,-7.848157070046826E-5,0.0017056793289381533,3.2520821189554536,8.141242686654104,0.36079592881971617,0.011635528346628954,5.794378890991211
3.429999999999971,0.01,-0.2740193182464443,6.966653025969421E-4,0.0017048945132311485,3.249403325503882,8.173648493286713,0.3635286028458239,0.011635528346628954,5.7619194984436035
3.4399999999999706,0.01,-0.2802537797817668,6.970577104504445E-4,0.001711861166257118,3.2466631323214177,8.206027168236503,0.3662642208154009,0.011635528346628954,5.7233850955963135
3.4499999999999704,0.01,-0.28787504385490226,6.935743839374598E-4,0.0017188317433616223,3.2438605945236,8.23837810235881,0.36900268952831483,0.011635528346628954,5.6963173770904545
3.45999999999997,0.01,-0.29278957594069377,6.900890953852076E-4,0.001725767487200997,3.240981844085051,8.270700676152117,0.37174392630148023,0.011635528346628954,5.657930002212525
3.46999999999997,0.01,-0.3003072548596031,6.866212234655203E-4,0.0017326683781548492,3.238053948325644,8.302994131873696,0.3744878375477275,0.011635528346628954,5.629455728530884
3.47999999999997,0.01,-0.30548730417228254,6.831707779885942E-4,0.0017395345903895043,3.235050875777048,8.335257981395607,0.3772343537508934,0.01745329251994332,5.595111818313598
3.4899999999999696,0.01,-0.31199934694868436,0.0014544901554042614,0.0017463662981693903,3.231996002735325,8.367491477105489,0.37998338470882614,0.01745329251994332,5.569165182113648
3.4999999999999694,0.01,-0.3165261255411447,0.0014510743015143184,0.0017609111997234329,3.228876009265838,8.399694104184764,0.38273486165091586,0.01745329251994332,5.531052837371826
3.509999999999969,0.01,-0.3238590092461595,0.0014438018507372972,0.0017754219427385761,3.2257107480104263,8.43186521496515,0.3854887061413379,0.01745329251994332,5.493304357528687
3.519999999999969,0.01,-0.3310843572485196,0.0014365464792297255,0.0017898599612459491,3.2224721579179647,8.46400435859785,0.38824486824464854,0.02327105669325769,5.468953294754028
3.5299999999999687,0.01,-0.33514697684970907,0.002204079953509034,0.0018042254260382464,3.2191613143454796,8.496110804566879,0.3910032750481164,0.02327105669325769,5.433662967681885
3.5399999999999685,0.01,-0.34172596471363326,0.0021968972211128856,0.0018262662255733367,3.2158098445769827,8.528183832967926,0.3937638557775017,0.02327105669325769,5.400436496734619
3.5499999999999683,0.01,-0.3478030730504136,0.00218587682134534,0.0018482351977844656,3.2123925849298463,8.560223038877677,0.39652656827076277,0.029088820866572274,5.374268951416016
3.559999999999968,0.01,-0.352200203801186,0.002949644818772799,0.001870093965997919,3.208914554199342,8.592227765675952,0.3992913602229683,0.029088820866572274,5.335275678634644
3.569999999999968,0.01,-0.3595596187515875,0.002938715434666073,0.001899590414185647,3.2053925521613302,8.624197406658057,0.40205818459227677,0.029088820866572274,5.310309839248657
3.5799999999999677,0.01,-0.3636239802559784,0.0029239672105722085,0.0019289775685323077,3.201796955973814,8.6561315223747,0.4048270101088402,0.029088820866572274,5.270802221298218
3.5899999999999674,0.01,-0.3710446263506564,0.002909273633398878,0.00195821724063803,3.1981607161712544,8.68802937726181,0.4075977912855594,0.029088820866572274,5.238302431106567
3.5999999999999672,0.01,-0.37680979082742816,0.002894653797346017,0.0019873099769720185,3.194450269907748,8.719890563930752,0.4103705120960393,0.03490658503988664,5.213735904693603
3.609999999999967,0.01,-0.38068675719203315,0.003654859912712018,0.0020162565149454787,3.1906821719994736,8.751714340499529,0.41314512875278725,0.03490658503988664,5.1766652011871335
3.619999999999967,0.01,-0.38745253905607235,0.0036403866437252877,0.002052805114072599,3.186875304427553,8.78350012985703,0.4159216134352709,0.03490658503988664,5.139500274658203
3.6299999999999666,0.01,-0.39422092146019594,0.0036221123441617276,0.002089208980509852,3.1830007790369925,8.815247542821094,0.41869995659013637,0.040724349213201005,5.119741926193237
3.6399999999999664,0.01,-0.3968939400734075,0.004378662894476095,0.002125430103951469,3.1790585698223905,8.846955901378616,0.42148013527551675,0.03490658503988664,5.079029054641723
3.649999999999966,0.01,-0.4044225054947932,0.0035857998492222925,0.00216921673289623,3.1750896304216565,8.878624527133182,0.4242621277006316,0.040724349213201005,5.042152767181396
3.659999999999966,0.01,-0.4110425028685023,0.004338659018282906,0.002205074731388453,3.1710454053667085,8.91025314949963,0.4270459494121927,0.040724349213201005,5.018823881149292
3.6699999999999657,0.01,-0.414463797081853,0.004320730019036795,0.002248461321571282,3.1669349803380236,8.941841013161186,0.4298315849929332,0.040724349213201005,4.983620653152466
3.6799999999999655,0.01,-0.4206226711001031,0.00429903672394538,0.0022916686217616497,3.162790342367205,8.973387454059653,0.43261901815058296,0.04654211338651559,4.954773979187012
3.6899999999999653,0.01,-0.42528124270663303,0.005052185557383221,0.0023346589890011035,3.158584115656204,9.004892125675624,0.43540827277268057,0.04654211338651559,4.926367235183716
3.699999999999965,0.01,-0.42980636961856833,0.005030690373763494,0.002385180844574936,3.154331303229138,9.036354408640236,0.43819935002391325,0.04654211338651559,4.889759330749512
3.709999999999965,0.01,-0.436221807773016,0.005005429445976577,0.002435487748312571,3.1500332395329522,9.067773832858409,0.440992265857162,0.05235987755982996,4.858425045013428
3.7199999999999647,0.01,-0.4413841092633428,0.005755028477640754,0.0024855420427723368,3.145671021455222,9.099149940461178,0.4437870489821412,0.05235987755982996,4.831117219924927
3.7299999999999645,0.01,-0.44557482607846133,0.005730001330410872,0.0025430923275487445,3.141257180362589,9.130482085164516,0.4465837123175091,0.05235987755982996,4.797580518722534
3.7399999999999642,0.01,-0.45119313581270304,0.005701226188022667,0.0026003923408528533,3.1368014321018043,9.161769745349078,0.44938228114699147,0.058177641733144325,4.770653562545776
