{"fmus":{"{controller}":"file:////home/malthet/into-cps-projects/f1tenth/FMUs/controller.fmu","{kf}":"file:////home/malthet/into-cps-projects/f1tenth/FMUs/kalman_filter.fmu","{model}":"file:////home/malthet/into-cps-projects/f1tenth/FMUs/model.fmu","{local}":"file:////home/malthet/into-cps-projects/f1tenth/FMUs/rabbitmq-local.fmu","{networked}":"file:////home/malthet/into-cps-projects/f1tenth/FMUs/rabbitmq-networked.fmu"},"connections":{"{controller}.c.acceleration":["{kf}.kf.acceleration","{model}.m.acceleration","{local}.l.acceleration"],"{controller}.c.desired_steer_angle":["{networked}.n.desired_steer_angle"],"{controller}.c.desired_velocity":["{networked}.n.desired_velocity"],"{controller}.c.steer_angle_vel":["{kf}.kf.steer_angel_velocity","{model}.m.steer_angle_vel","{local}.l.steer_angle_vel"],"{model}.m.steer_angle":["{controller}.c.steer_angle"],"{model}.m.velocity":["{controller}.c.velocity"],"{local}.l.angle":["{controller}.c.angle"],"{local}.l.distance":["{controller}.c.distance"],"{networked}.n.steer_angle_s":["{kf}.kf.steer_angle_s"],"{networked}.n.theta_s":["{kf}.kf.theta_s"],"{networked}.n.velocity_s":["{kf}.kf.velocity_s"],"{networked}.n.x_s":["{kf}.kf.x_s"],"{networked}.n.y_s":["{kf}.kf.y_s"]},"parameters":{"{controller}.c.kp_angle":4.5,"{controller}.c.kp_speed":0.6},"liveGraphColumns":1,"liveGraphVisibleRowCount":1,"logVariables":{"{controller}.c":["acceleration","steer_angle_vel"],"{model}.m":["steer_angle","theta","velocity","x","y"]},"algorithm":{"type":"fixed-step","size":0.01},"parallelSimulation":false,"stabalizationEnabled":false,"global_absolute_tolerance":0,"global_relative_tolerance":0.01,"simulationProgramDelay":false,"convergenceAttempts":5,"livestream":{"{model}.m":["velocity"]}}