{"fmus":{"{model}":"file:////home/malthet/into-cps-projects/f1tenth/FMUs/model.fmu","{controller}":"file:////home/malthet/into-cps-projects/f1tenth/FMUs/controller.fmu","{rabbitmq}":"file:////home/malthet/into-cps-projects/f1tenth/FMUs/rabbitmq-v2.1.3.fmu","{odom}":"file:////home/malthet/into-cps-projects/f1tenth/FMUs/rabbitmq-odom.fmu","{KF}":"file:////home/malthet/into-cps-projects/f1tenth/FMUs/kalman_filter.fmu"},"connections":{"{model}.m.steer_angle":["{controller}.c.steer_angle"],"{model}.m.velocity":["{controller}.c.velocity"],"{model}.m.x":["{KF}.kf.x_m"],"{model}.m.y":["{KF}.kf.y_m"],"{controller}.c.acceleration":["{model}.m.acceleration","{rabbitmq}.r.acceleration"],"{controller}.c.steer_angle_vel":["{model}.m.steer_angle_vel","{rabbitmq}.r.steer_angle_vel"],"{KF}.kf.x_p":["{controller}.c.steer_angle_s"],"{KF}.kf.y_p":["{controller}.c.velocity_s"],"{rabbitmq}.r.angle":["{controller}.c.angle"],"{rabbitmq}.r.distance":["{controller}.c.distance"],"{odom}.o.theta_s":["{controller}.c.theta_s"],"{odom}.o.x_s":["{controller}.c.x_s","{KF}.kf.x_s"],"{odom}.o.y_s":["{controller}.c.y_s","{KF}.kf.y_s"]},"parameters":{"{controller}.c.kp_angle":4.5,"{controller}.c.kp_speed":0.6},"liveGraphColumns":1,"liveGraphVisibleRowCount":1,"logVariables":{"{model}.m":["y","x"],"{odom}.o":["x_s","y_s"]},"algorithm":{"type":"fixed-step","size":0.01},"parallelSimulation":false,"stabalizationEnabled":false,"global_absolute_tolerance":0,"global_relative_tolerance":0.01,"simulationProgramDelay":false,"convergenceAttempts":5,"livestream":{"{model}.m":["x","y"],"{odom}.o":["x_s","y_s"]}}