time,step-size,{controller}.c.acceleration,{controller}.c.desired_angle,{controller}.c.steer_angle_vel,{lidar}.l.angle,{lidar}.l.distance,{model}.m.steer_angle,{model}.m.theta,{model}.m.velocity,{model}.m.x,{model}.m.y
0.0,0.0,0.0,0.0,0.0,-0.01745329251994332,9.94302583694458,0.0,0.0,0.0,0.0,0.0
0.01,0.01,2.784047234344482,-0.004648514901198027,-0.02091831705539112,-0.02327105669325769,9.946071128845215,0.0,0.0,0.0,0.0,0.0
0.02,0.01,2.78489991607666,-0.006198019868264017,-0.027891089407188076,-0.01745329251994332,9.942613554000854,-2.091831705539112E-4,0.0,0.027840472343444823,0.0,0.0
0.03,0.01,2.7672275117141725,-0.004648514901198027,-0.019976992787898523,-0.02327105669325769,9.944889421463012,-4.88094064625792E-4,2.7840472343444825E-4,0.05568947150421143,2.7840472343444825E-4,0.0
0.04,0.01,2.7511553551071164,-0.006198019868264017,-0.02569466611637201,-0.02327105669325769,9.943946313858032,-6.878639925047772E-4,8.352994168943336E-4,0.08336174662135315,8.352994168943336E-4,1.5504211712054086E-7
0.05,0.01,2.7342879199074366,-0.006198019868264017,-0.024795701440916577,-0.02327105669325769,9.94543433189392,-9.448106536684973E-4,0.001668916875702363,0.11087330017242432,0.001668916875702363,4.392635931523366E-8
0.060000000000000005,0.01,2.7181976328268425,-0.006198019868264017,-0.02363944146567984,-0.02327105669325769,9.94543433189392,-0.001192767668077663,0.0027776474964938485,0.1382161793714987,0.0027776474964938485,2.341671292401443E-6
0.07,0.01,2.701791905307398,-0.006198019868264017,-0.022523634900838592,-0.01745329251994332,9.943894863128662,-0.0014291620827344615,0.004159804651457331,0.16539815569976712,0.004159804651457331,5.922591381050758E-6
0.08,0.01,2.685051668256165,-0.004648514901198027,-0.014487087683086045,-0.01745329251994332,9.9443909740448,-0.0016543984317428475,0.005813786163203938,0.19241607475284112,0.005813786163203938,5.5356949472435505E-6
0.09,0.01,2.6689798278808397,-0.004648514901198027,-0.013473524112548308,-0.01745329251994332,9.945297861099244,-0.0017992693085737079,0.00773775632297607,0.21926659143540278,0.00773775632297607,3.261717635967723E-5
0.09999999999999999,0.01,2.6531234462465467,-0.004648514901198027,-0.012821605166809436,-0.01745329251994332,9.944641151428222,-0.001934004549699191,0.009930351952003917,0.2459563897142112,0.009930351952003917,1.5060994030921504E-5
0.10999999999999999,0.01,2.636925688571375,-0.004648514901198027,-0.012215296581744762,-0.02327105669325769,9.944696950912476,-0.0020622206013672854,0.012388918811049717,0.27248762417667666,0.012388918811049717,8.50864445940082E-5
0.11999999999999998,0.01,2.6210225717494873,-0.006198019868264017,-0.01861109670103529,-0.02327105669325769,9.944696950912476,-0.002184373567184733,0.015113669391291794,0.2988568810623904,0.015113669391291794,5.891760022814958E-5
0.12999999999999998,0.01,2.6052010176180596,-0.006198019868264017,-0.018061408354856777,-0.02327105669325769,9.93949562072754,-0.002370484534195086,0.018100614473552927,0.32506710677988526,0.018100614473552927,1.5741943467816632E-4
0.13999999999999999,0.01,2.5880185097357797,-0.006198019868264017,-0.017223909003310188,-0.01745329251994332,9.937470684051512,-0.002551098617743654,0.021351271857972504,0.35111911695606585,0.021351271857972504,1.6685130315763529E-4
0.15,0.01,2.571820321360784,-0.004648514901198027,-0.009438373275544679,-0.01745329251994332,9.937268629074095,-0.0027233377077767558,0.024860995705997292,0.37699930205342363,0.024860995705997292,2.683497751009385E-4
0.16,0.01,2.5562356349086928,-0.004648514901198027,-0.008663297370395721,-0.02327105669325769,9.933129682540894,-0.0028177214405322028,0.028630293620370995,0.4027175052670315,0.028630293620370995,3.407418159265407E-4
0.17,0.01,2.539645807951231,-0.006198019868264017,-0.015211342924793165,-0.02327105669325769,9.934571990966797,-0.00290435441423616,0.03265576017605943,0.4282798616161184,0.03265576017605943,4.580359499830689E-4
0.18000000000000002,0.01,2.524712240501032,-0.006198019868264017,-0.014821494543125356,-0.02327105669325769,9.934571990966797,-0.003056467843484092,0.03693654075909308,0.4536763196956307,0.03693654075909308,5.894953981572595E-4
0.19000000000000003,0.01,2.509474365653325,-0.006198019868264017,-0.014136984111509664,-0.01745329251994332,9.930259122848511,-0.0032046827889153453,0.04147041626977497,0.47892344210064103,0.04147041626977497,7.513384050998481E-4
0.20000000000000004,0.01,2.4931184891371987,-0.004648514901198027,-0.006497244505272068,-0.01745329251994332,9.92985179901123,-0.003346052630030442,0.04625582217437063,0.5040181857571743,0.04625582217437063,9.427977156950718E-4
0.21000000000000005,0.01,2.4779475922688396,-0.004648514901198027,-0.005861080220254134,-0.02327105669325769,9.926354885101318,-0.0034110250750831626,0.051290958631410255,0.5289493706485463,0.051290958631410255,0.001168261718111903
0.22000000000000006,0.01,2.462009745439241,-0.006198019868264017,-0.012541476569313845,-0.01745329251994332,9.927895803451538,-0.003469635877285704,0.05657391455992848,0.5537288465712347,0.05657391455992848,0.0014311691700478453
0.23000000000000007,0.01,2.4475735170236894,-0.004648514901198027,-0.005304955607605453,-0.02327105669325769,9.922738389968872,-0.0035950506429788427,0.062102839415428844,0.5783489440256271,0.062102839415428844,0.0017353952286642375
0.24000000000000007,0.01,2.4313573827759076,-0.006198019868264017,-0.011713361513783285,-0.01745329251994332,9.918914518356324,-0.003648100199054897,0.06787575792494512,0.602824679195864,0.06787575792494512,0.002084912020879291
0.25000000000000006,0.01,2.4156012576222525,-0.004648514901198027,-0.004501866159644085,-0.02327105669325769,9.916153955459595,-0.00376523381419273,0.07389079700090034,0.6271382530236231,0.07389079700090034,0.0024837406801947104
0.26000000000000006,0.01,2.400240155714513,-0.006198019868264017,-0.010947537243320793,-0.01745329251994332,9.915556020736696,-0.0038102524757891707,0.08014584184334916,0.6512942655998457,0.08014584184334916,0.002936126422130276
0.2700000000000001,0.01,2.3855791264463675,-0.004648514901198027,-0.003772180914339854,-0.01745329251994332,9.906327476501463,-0.003919727848222379,0.08663876771469389,0.6752966671569909,0.08663876771469389,0.003446357418392241
0.2800000000000001,0.01,2.3685936931262153,-0.004648514901198027,-0.003279541738390416,-0.01745329251994332,9.901908369064332,-0.003957449657365777,0.09336741563561604,0.6991524584214546,0.09336741563561604,0.004018944550280531
0.2900000000000001,0.01,2.3530428682851405,-0.004648514901198027,-0.003109793597245124,-0.02327105669325769,9.895829343795777,-0.003990245074749681,0.10032963295036058,0.7228383953527168,0.10032963295036058,0.004658433466484385
0.3000000000000001,0.01,2.3371291790511877,-0.006198019868264017,-0.009934986570814512,-0.01745329251994332,9.893461446762084,-0.0040213430107221325,0.10752295198968087,0.7463688240355681,0.10752295198968087,0.005369556365961836
0.3100000000000001,0.01,2.3223479106720424,-0.004648514901198027,-0.0028222735071415255,-0.01745329251994332,9.891717491149905,-0.004120692876430278,0.11494496882701154,0.76974011582608,0.11494496882701154,0.006157152846149339
0.3200000000000001,0.01,2.3078368280263253,-0.004648514901198027,-0.002375199111454872,-0.02327105669325769,9.890374040603636,-0.0041489156115016934,0.12259316032889336,0.7929635949328004,0.12259316032889336,0.007026147289018368
0.3300000000000001,0.01,2.293526574409338,-0.006198019868264017,-0.009220969155430456,-0.02327105669325769,9.88799599647522,-0.004172667602616242,0.1304650381630347,0.8160419632130637,0.1304650381630347,0.007981482650673711
0.34000000000000014,0.01,2.2790137010852236,-0.006198019868264017,-0.009114085195414987,-0.02327105669325769,9.878022108078005,-0.004264877294170547,0.13855803716177595,0.838977228957157,0.13855803716177595,0.009028294849129646
0.35000000000000014,0.01,2.262459852887547,-0.006198019868264017,-0.008699141583420616,-0.01745329251994332,9.874092111587524,-0.004356018146124696,0.14686951560676811,0.8617673659680092,0.14686951560676811,0.010171800480638921
0.36000000000000015,0.01,2.2476853716637013,-0.004648514901198027,-0.0013162353978299888,-0.02327105669325769,9.866567211151123,-0.0044430095619589025,0.15539672339546307,0.8843919644968846,0.15539672339546307,0.011417202677988885
0.37000000000000016,0.01,2.2320036404241836,-0.006198019868264017,-0.007897546378373015,-0.01745329251994332,9.86526379585266,-0.004456171915937202,0.164136603295464,0.9068688182135216,0.164136603295464,0.012769761002138197
0.38000000000000017,0.01,2.2181525719106316,-0.004648514901198027,-8.655434336737127E-4,-0.01745329251994332,9.861840229034424,-0.0045351473797209324,0.173086165397286,0.9291888546177635,0.173086165397286,0.014234835584004367
0.3900000000000002,0.01,2.203801951358981,-0.004648514901198027,-5.101538466469259E-4,-0.01745329251994332,9.854382858276368,-0.00454380281405767,0.18224220428033647,0.9513703803368698,0.18224220428033647,0.015817916354734358
0.4000000000000002,0.01,2.1884049721152614,-0.004648514901198027,-4.712043921316078E-4,-0.01745329251994332,9.848211669921875,-0.004548904352524139,0.19160159633482005,0.9734083998504597,0.19160159633482005,0.01752447441958358
0.4100000000000002,0.01,2.1734542276678495,-0.004648514901198027,-4.482474690324979E-4,-0.01745329251994332,9.847296943664553,-0.0045536163964454545,0.20116103483127148,0.9952924495716123,0.20116103483127148,0.019360101539263864
0.4200000000000002,0.01,2.1600676744831073,-0.004648514901198027,-4.270432713865766E-4,-0.01745329251994332,9.847296943664553,-0.00455809887113578,0.2109169909080404,1.0170269918482908,0.2109169909080404,0.021330387570677078
0.4300000000000002,0.01,2.1470269491171003,-0.004648514901198027,-4.068721352801126E-4,-0.01745329251994332,9.83803147315979,-0.004562369303849645,0.22086585837246112,1.038627668593122,0.22086585837246112,0.02344093877597609
0.4400000000000002,0.01,2.1314722113288678,-0.004648514901198027,-3.876551880677183E-4,-0.01745329251994332,9.828659315109253,-0.004566438025202446,0.23100405984575784,1.060097938084293,0.23100405984575784,0.0256973993414552
0.45000000000000023,0.01,2.1159658453800154,-0.004648514901198027,-3.693459419801151E-4,-0.01745329251994332,9.821873321533204,-0.004570314577083123,0.2413279241680294,1.0814126601975818,0.2413279241680294,0.028105425356344808
0.46000000000000024,0.01,2.1012769339107478,-0.004648514901198027,-3.5190145851706715E-4,-0.01745329251994332,9.81144633293152,-0.004574008036502924,0.2518334061954595,1.1025723186513818,0.2518334061954595,0.03067061180861362
0.47000000000000025,0.01,2.085661582029996,-0.004648514901198027,-3.352808911279638E-4,-0.01745329251994332,9.815141696929931,-0.004577527051088094,0.26251633668009455,1.1235850879904894,0.26251633668009455,0.033398535569660416
0.48000000000000026,0.01,2.0740886223460873,-0.004648514901198027,-3.194453254946974E-4,-0.01745329251994332,9.815141696929931,-0.004580879859999374,0.2733724956788971,1.1444417038107892,0.2733724956788971,0.036294767050080806
0.49000000000000027,0.01,2.061574652853907,-0.004648514901198027,-3.043576853939381E-4,-0.01745329251994332,9.798644847869872,-0.004584074313254321,0.2843974429722488,1.16518259003425,0.2843974429722488,0.03936481892601898
0.5000000000000002,0.01,2.044511003383014,-0.004648514901198027,-2.899826457466756E-4,-0.01745329251994332,9.789838485717771,-0.0045871178901082605,0.29558699651746384,1.185798336562789,0.29558699651746384,0.04261427092145725
0.5100000000000002,0.01,2.0296757740633025,-0.004648514901198027,-2.762865499039498E-4,-0.01745329251994332,9.78269037246704,-0.004590017716565727,0.3069367494759983,1.2062434465966192,0.3069367494759983,0.046048638007216466
0.5200000000000002,0.01,2.0154072363328,-0.004648514901198027,-2.632373308453506E-4,-0.01745329251994332,9.80843500137329,-0.0045927805820647665,0.3184417278897508,1.2265402043372522,0.3184417278897508,0.04967324790964986
0.5300000000000002,0.01,2.01043767778217,-0.004648514901198027,-2.5080443609967274E-4,-0.01745329251994332,9.807062320709228,-0.00459541295537322,0.33009704369695436,1.2466942767005802,0.33009704369695436,0.05349341815715416
0.5400000000000003,0.01,1.9979608837782354,-0.004648514901198027,-2.3895875621163243E-4,-0.01745329251994332,9.792318334579468,-0.0045979209997342166,0.3418977354104572,1.266798653478402,0.3418977354104572,0.0575144052298347
0.5500000000000003,0.01,1.9817699415952101,-0.004648514901198027,-2.276725565871474E-4,-0.01745329251994332,9.786005821228027,-0.004600310587296333,0.353839592344251,1.2867782623161843,0.353839592344251,0.06174168991604534
0.5600000000000003,0.01,1.9680146725541368,-0.004648514901198027,-2.169194125576238E-4,-0.01745329251994332,9.779308195114137,-0.004602587312862204,0.3659175608009031,1.3065959617321363,0.3659175608009031,0.0661804405958045
0.5700000000000003,0.01,1.9542487175926766,-0.004648514901198027,-2.0667414751120378E-4,-0.01745329251994332,9.77176441192627,-0.0046047565069877805,0.3781261158671218,1.3262761084576777,0.3781261158671218,0.07083559729741806
0.5800000000000003,0.01,1.940328370264749,-0.004648514901198027,-1.969127739461095E-4,-0.01745329251994332,9.760277328491211,-0.004606823248462893,0.39045984477635054,1.3458185956336044,0.39045984477635054,0.07571206761725176
0.5900000000000003,0.01,1.9253864945973769,-0.004648514901198027,-1.8761243730810355E-4,-0.01745329251994332,9.75166347503662,-0.0046087923762023544,0.4029132192863725,1.3652218793362518,0.4029132192863725,0.08081463878759863
0.6000000000000003,0.01,1.9113326454085025,-0.004648514901198027,-1.7875136248052693E-4,-0.01745329251994332,9.75166347503662,-0.004610668500575435,0.4154805868923255,1.3844757442822255,0.4154805868923255,0.08614796321413463
0.6100000000000003,0.01,1.8997803264409183,-0.004648514901198027,-1.703088028016629E-4,-0.01745329251994332,9.73792353630066,-0.004612456014200241,0.4281560967246426,1.4035890707363106,0.4281560967246426,0.09171651411552842
0.6200000000000003,0.01,1.8844651477223984,-0.004648514901198027,-1.6226499149003815E-4,-0.011635528346628732,9.730942668914794,-0.004614159102228258,0.4409338814321278,1.4225868740007197,0.4409338814321278,0.09752465029834981
0.6300000000000003,0.01,1.8711118228957104,-0.003099009934131978,0.006818171256433258,-0.01745329251994332,9.71440393447876,-0.004615781752143158,0.4538082068392013,1.4414315254779437,0.4538082068392013,0.10357668191762413
0.6400000000000003,0.01,1.8551741863672868,-0.004648514901198027,-1.4729917074691144E-4,-0.011635528346628732,9.71122709274292,-0.004547600039578825,0.46677290787288095,1.460142643706901,0.46677290787288095,0.10987660345455401
0.6500000000000004,0.01,1.843057999743877,-0.003099009934131978,0.006518655474510812,-0.011635528346628732,9.699373512268066,-0.004549073031286295,0.4798219172760522,1.4786943855705739,0.4798219172760522,0.11642832136614674
0.6600000000000004,0.01,1.828607952092714,-0.003099009934131978,0.006525283937194424,-0.011635528346628732,9.699373512268066,-0.004483886476541186,0.4929488260407903,1.4971249655680126,0.4929488260407903,0.12323552158900165
0.6700000000000004,0.01,1.8175496040942507,-0.003099009934131978,0.006231944440841436,-0.011635528346628732,9.688871717453004,-0.004418633637169242,0.5061475479766882,1.5154110450889398,0.5061475479766882,0.13030178336674184
0.6800000000000004,0.01,1.8036374538334774,-0.003099009934131978,0.005938306663667686,-0.011635528346628732,9.677180166244506,-0.004356314192760827,0.519411689856444,1.5335865411298824,0.519411689856444,0.13763046699693507
0.6900000000000004,0.01,1.7894585218705321,-0.003099009934131978,0.005657869163829821,-0.011635528346628732,9.666173915863038,-0.0042969311261241505,0.5327351114879276,1.551622915668217,0.5327351114879276,0.14522488625999838
0.7000000000000004,0.01,1.7755549470407204,-0.003099009934131978,0.005390645363964776,-0.01745329251994332,9.657576303482056,-0.004240352434485852,0.5461113845495716,1.5695175008869224,0.5461113845495716,0.1530880081732725
0.7100000000000004,0.01,1.762410864442822,-0.004648514901198027,-0.001836731100204788,-0.01745329251994332,9.654744253158569,-0.004186445980846204,0.5595340303205928,1.5872730503573296,0.5595340303205928,0.16122257018144
0.7200000000000004,0.01,1.7509645606700017,-0.004648514901198027,-0.002079310141583203,-0.01745329251994332,9.654744253158569,-0.004204813291848252,0.5729965744166451,1.6048971590017578,0.5729965744166451,0.169631106326389
0.7300000000000004,0.01,1.7403900954833447,-0.004648514901198027,-0.0019966572420739874,-0.011635528346628732,9.62572198867798,-0.004225606393264084,0.5864925948956443,1.6224068046084579,0.5864925948956443,0.17831597364417948
0.7400000000000004,0.01,1.72175807406476,-0.003099009934131978,0.005069684066094478,-0.011635528346628732,9.620270853042603,-0.004245572965684824,0.6000158516105378,1.6398107055632913,0.6000158516105378,0.1872793386254278
0.7500000000000004,0.01,1.709789415513954,-0.003099009934131978,0.0051595336419878075,-0.011635528346628732,9.604279403686524,-0.004194876125023879,0.613560163988818,1.657028286303939,0.613560163988818,0.1965232294300384
0.7600000000000005,0.01,1.6949812612498634,-0.003099009934131978,0.004931397859013555,-0.011635528346628732,9.629338388442994,-0.004143280788604002,0.6271186867289011,1.6741261804590786,0.6271186867289011,0.20604902258692478
0.7700000000000005,0.01,1.6917390404885913,-0.003099009934131978,0.004699218845124106,-0.011635528346628732,9.61340913772583,-0.004093966810013866,0.6406850978532876,1.6910759930715773,0.6406850978532876,0.21585832103349945
0.7800000000000005,0.01,1.677108962720286,-0.003099009934131978,0.004477305941468495,-0.011635528346628732,9.600994777679444,-0.004046974621562625,0.6542528820338916,1.7079933834764631,0.6542528820338916,0.22595233083450786
0.7900000000000005,0.01,1.6634825076643667,-0.003099009934131978,0.004265841093437911,-0.011635528346628732,9.592246227264404,-0.0040022015621479405,0.6678164957642139,1.724764473103666,0.6678164957642139,0.2363327220783171
0.8000000000000005,0.01,1.6509702597718336,-0.003099009934131978,0.004064362326071831,-0.011635528346628732,9.585842370986938,-0.003959543151213561,0.6813695232574069,1.7413992981803097,0.6813695232574069,0.2470002754312098
0.8100000000000005,0.01,1.6391962849681572,-0.003099009934131978,0.003872399476867123,-0.011635528346628732,9.571022510528564,-0.003918899527952843,0.6949056943867749,1.757909000778028,0.6949056943867749,0.2579556039396002
0.8200000000000005,0.01,1.6251409024811811,-0.003099009934131978,0.0036895031721938913,-0.011635528346628732,9.564173412322996,-0.0038801755331841718,0.7084188972543627,1.7743009636277096,0.7084188972543627,0.2691991689330112
0.8300000000000005,0.01,1.6133879772738131,-0.003099009934131978,0.003515245195734871,-0.011635528346628732,9.553792009353636,-0.003843280501462233,0.7219031530917898,1.7905523726525214,0.7219031530917898,0.28073126481640714
0.8400000000000005,0.01,1.6007303390275052,-0.003099009934131978,0.0033492175529861467,-0.011635528346628732,9.53981692314148,-0.003808128049504884,0.7353523943725228,1.8066862524252596,0.7353523943725228,0.2925518269389877
0.8500000000000005,0.01,1.5871369870244585,-0.003099009934131978,0.003191031519178077,-0.011635528346628732,9.535099563598632,-0.0037746358739750227,0.7487608232363595,1.8226935558155346,0.7487608232363595,0.3046607309717097
0.8600000000000005,0.01,1.5762117443182961,-0.003099009934131978,0.0030403167292937005,-0.005817764173314366,9.516446561813355,-0.003742725558783242,0.7621226740343524,1.8385649256857792,0.7621226740343524,0.3170575903761445
0.8700000000000006,0.01,1.5614660818962716,-0.001549504967065989,0.009869492662727639,-0.005817764173314366,9.538388442993163,-0.003712322391490305,0.7754322228506063,1.8543270431289622,0.7754322228506063,0.32974175408148787
0.8800000000000006,0.01,1.5581525381607084,-0.001549504967065989,0.009732678409909422,-0.005817764173314366,9.52186279296875,-0.0036136274648630286,0.7886840568021299,1.869941703947925,0.7886840568021299,0.34271255880629914
0.8900000000000006,0.01,1.5441565596624953,-0.001549504967065989,0.009288551240086679,-0.005817764173314366,9.507895784378052,-0.0035163006807639344,0.8018726111507697,1.885523229329532,0.8018726111507697,0.3559688867974641
0.9000000000000006,0.01,1.5308968820281352,-0.001549504967065989,0.008850580711640754,-0.005817764173314366,9.507895784378052,-0.0034234151683630674,0.81499319603153,1.900964794926157,0.81499319603153,0.3695103061182329
0.9100000000000006,0.01,1.5216319426701603,-0.001549504967065989,0.008432595905836853,-0.005817764173314366,9.481621417999268,-0.00333490936124666,0.8280405074029576,1.9162737637464384,0.8280405074029576,0.38333544196320307
0.9200000000000006,0.01,1.5050897387919318,-0.001549504967065989,0.008034319773813019,-0.005817764173314366,9.47348831176758,-0.0032505834021882914,0.8410094546220146,1.93149008317314,0.8410094546220146,0.3974427777071205
0.9300000000000006,0.01,1.4936826773910383,-0.001549504967065989,0.007654852958050361,-0.005817764173314366,9.459747819900512,-0.003170240204450161,0.8538953760010004,1.9465409805610594,0.8538953760010004,0.41183091255338233
0.9400000000000006,0.01,1.4808048012355077,-0.001549504967065989,0.007293308568228775,-0.005817764173314366,9.447060842514038,-0.0030936916748696575,0.8666932804299271,1.9614778073349697,0.8666932804299271,0.426497739787942
0.9500000000000006,0.01,1.4682903515029486,-0.001549504967065989,0.0069488401851165085,-0.005817764173314366,9.438849830627442,-0.0030207585891873696,0.8793986889875707,1.9762858553473248,0.8793986889875707,0.4414413709480757
0.9600000000000006,0.01,1.457106439367289,-0.001549504967065989,0.0066206412995462125,-0.005817764173314366,9.438849830627442,-0.0029512701873362045,0.8920071910828008,1.9909687588623544,0.8920071910828008,0.4566596577478166
0.9700000000000006,0.01,1.4482966972582714,-0.001549504967065989,0.006307943491215969,-0.005817764173314366,9.454181699752809,-0.0028850637743407423,0.90451456925935,2.005539823256027,0.90451456925935,0.4721503372366373
0.9800000000000006,0.01,1.4438469819771702,-0.001549504967065989,0.0060100146327363895,-0.005817764173314366,9.430451698303225,-0.0028219843394285825,0.9169168595032007,2.0200227902286096,0.9169168595032007,0.4879111175147158
0.9900000000000007,0.01,1.428512801387737,-0.001549504967065989,0.005726157175631671,-0.005817764173314366,9.415522365570068,-0.0027618841931012186,0.9292104102553701,2.0344612600483813,0.9292104102553701,0.503939773640796
1.0000000000000007,0.01,1.41566950633059,-0.001549504967065989,0.005455706517158533,-0.005817764173314366,9.400695238113403,-0.002704622621344902,0.9413919913736347,2.0487463880622587,0.9413919913736347,0.5202343231381864
1.0100000000000007,0.01,1.4029468338343978,-0.001549504967065989,0.005198029444255108,-0.005817764173314366,9.387271499633789,-0.0026500655561733167,0.9534578762728811,2.0629030831255646,0.9534578762728811,0.5367918168452047
1.0200000000000007,0.01,1.390694170022122,-0.001549504967065989,0.004952522650982974,-0.005817764173314366,9.368897228240966,-0.0025980852617307655,0.9654046710437572,2.0769325514639085,0.9654046710437572,0.5536093971628208
1.0300000000000007,0.01,1.3771316930291253,-0.001549504967065989,0.0047186113259914935,-0.005817764173314366,9.362372055053712,-0.0025485600352209356,0.9772291680636082,2.09083949316413,0.9772291680636082,0.5706841197831322
1.0400000000000007,0.01,1.366960479516561,-0.001549504967065989,0.004495747806697259,-0.005817764173314366,9.34822048187256,-0.002501373921961021,0.9889283653070091,2.104610810094421,0.9889283653070091,0.5880129905621958
1.0500000000000007,0.01,1.354735248867664,-0.001549504967065989,0.0042834102970276434,0.0,9.339061193466186,-0.002456416443894048,1.0004993661525905,2.1182804148895866,1.0004993661525905,0.6055928257613148
1.0600000000000007,0.01,1.34396888523678,0.0,0.011053873997523217,0.0,9.319962739944458,-0.002413582340923772,1.0119396392120137,2.131827767378263,1.0119396392120137,0.6234206507530605
1.0700000000000007,0.01,1.3304929067574902,0.0,0.010861120534156974,0.0,9.316541986465454,-0.00230304360094854,1.0232467122650222,2.145267456230631,1.0232467122650222,0.6414932560425706
1.0800000000000007,0.01,1.3214712824719486,0.0,0.010363696204268429,0.0,9.294143657684328,-0.00219443239560697,1.0344183639811027,2.158572385298206,1.0344183639811027,0.6598074975996436
1.0900000000000007,0.01,1.3072167929726881,0.0,0.009874945780231365,0.0,9.315080251693724,-0.0020907954335642855,1.0454523309127177,2.1717870981229255,1.0454523309127177,0.6783599919874402
1.1000000000000008,0.01,1.3051502116004874,0.0,0.009408579451039284,0.0,9.29629044532776,-0.0019920459757619717,1.056346773557566,2.1848592660526522,1.056346773557566,0.6971476751712559
1.1100000000000008,0.01,1.2920457650601815,0.0,0.008964206890928873,0.0,9.276389884948731,-0.0018979601812515788,1.0670997735950525,2.197910768168657,1.0670997735950525,0.7161669809272352
1.1200000000000008,0.01,1.2786427068844508,0.0,0.008540820815632105,0.0,9.262893495559693,-0.0018083181123422901,1.0777101916865655,2.2108312258192586,1.0777101916865655,0.7354153627399089
1.1300000000000008,0.01,1.2671114432651591,0.0,0.008137431505540306,0.0,9.245028162002564,-0.001722909904185969,1.088176503619789,2.223617652888103,1.088176503619789,0.7548892885234332
1.1400000000000008,0.01,1.2544372936278558,0.0,0.007753094568836861,0.0,9.23360562324524,-0.001641535589130566,1.0984973442236305,2.2362887673207545,1.0984973442236305,0.7745851712366719
1.1500000000000008,0.01,1.2436363141162143,0.0,0.007386910151087547,0.0,9.211826734542846,-0.0015640046434421972,1.108671601732417,2.248833140257033,1.108671601732417,0.7944995687728617
1.1600000000000008,0.01,1.2300116015177773,0.0,0.007038020895489888,0.0,9.204575452804566,-0.0014901355419313217,1.1186982694335812,2.261269503398195,1.1186982694335812,0.8146289250487653
1.1700000000000008,0.01,1.2205194247463615,0.0,0.006705609938690947,0.0,9.182693119049071,-0.0014197553329764229,1.1285765776110013,2.2735696194133728,1.1285765776110013,0.8349698445031997
1.1800000000000008,0.01,1.2070123016857162,0.0,0.006388898998393903,0.0,9.176452798843384,-0.0013526992335895134,1.1383057792715507,2.2857748136608365,1.1383057792715507,0.8555186769878034
1.1900000000000008,0.01,1.1979418954796455,0.0,0.00608714655115281,0.0,9.162676134109496,-0.0012888102436055743,1.147885449590427,2.2978449366776936,1.147885449590427,0.8762721481783841
1.2000000000000008,0.01,1.1868423555440428,0.0,0.005799646096225085,0.0,9.162676134109496,-0.0012279387780940463,1.157315128691922,2.30982435563249,1.157315128691922,0.8972266294972895
1.2100000000000009,0.01,1.179654704171165,0.0,0.005525724501423208,0.0,9.130355195999146,-0.0011699423171317954,1.166594674206893,2.3216927791879303,1.166594674206893,0.9183789081079473
1.2200000000000009,0.01,1.1634837873670028,0.0,0.005264740427093079,0.005817764173314366,9.143117866516114,-0.0011146850721175632,1.175723983370669,2.333489326229642,1.175723983370669,0.939725604580365
1.2300000000000009,0.01,1.1599794068867266,0.001549504967065989,0.011988855176325986,0.0,9.122402496337893,-0.0010620376678466324,1.1847032259461012,2.345124164103312,1.1847032259461012,0.9612637207081584
1.2400000000000009,0.01,1.147198200512623,0.0,0.004779169505309846,0.0,9.113099422454834,-9.421491160833726E-4,1.1935323379379483,2.3567239581721795,1.1935323379379483,0.9829894546644956
1.2500000000000009,0.01,1.1376334633840455,0.0,0.004239671022375177,0.005817764173314366,9.08659441947937,-8.943574210302742E-4,1.2022118518525582,2.368195940177306,1.2022118518525582,1.0049002013361261
1.260000000000001,0.01,1.1233288733478402,0.001549504967065989,0.010997380746433184,0.005817764173314366,9.08659441947937,-8.519607108065224E-4,1.2107419719096126,2.3795722748111463,1.2107419719096126,1.0269925586779642
1.270000000000001,0.01,1.1165030725675358,0.001549504967065989,0.0108065955504263,0.0,9.055447130203246,-7.419869033421906E-4,1.219123232812193,2.3908055635446246,1.219123232812193,1.0492634115306922
1.280000000000001,0.01,1.1010418583301342,0.0,0.003338941065039858,0.005817764173314366,9.042176361083984,-6.339209478379276E-4,1.2273560975665394,2.4019705942703,1.2273560975665394,1.0717092365813388
1.290000000000001,0.01,1.0906270245413354,0.001549504967065989,0.009825416617067624,0.005817764173314366,9.01906219482422,-6.00531537187529E-4,1.2354413008208402,2.4129810128536016,1.2354413008208402,1.0943272772106807
1.300000000000001,0.01,1.077548806838621,0.001549504967065989,0.009675164269140831,0.005817764173314366,9.01473316192627,-5.022773710168527E-4,1.2433793952300172,2.423887283099015,1.2433793952300172,1.1171139925068834
1.310000000000001,0.01,1.0697929154799464,0.001549504967065989,0.009233020521372788,0.005817764173314366,8.993613739013671,-4.0552572832544445E-4,1.2511712971601043,2.4346627711674014,1.2511712971601043,1.140066317452928
1.320000000000001,0.01,1.0574141842233873,0.001549504967065989,0.008797638129261452,0.005817764173314366,9.013401565551758,-3.1319552311171654E-4,1.2588178260216902,2.4453607003222007,1.2588178260216902,1.163181007096092
1.330000000000001,0.01,1.0565360181611723,0.001549504967065989,0.008382152205799675,0.005817764173314366,8.988877162933349,-2.25219141819102E-4,1.2663200636873984,2.4559348421644347,1.2663200636873984,1.186455356184203
1.340000000000001,0.01,1.0433247003226769,0.001549504967065989,0.00798625848998291,0.005817764173314366,8.97921046257019,-1.4139761976110526E-4,1.273679032619994,2.4665002023460465,1.273679032619994,1.2098862582399246
1.350000000000001,0.01,1.0342788081120253,0.001549504967065989,0.007609061640721925,0.005817764173314366,8.955511465072632,-6.153503486127616E-5,1.2808961762150086,2.476933449349273,1.2808961762150086,1.2334717445216667
1.360000000000001,0.01,1.0213831406107732,0.001549504967065989,0.007249680008672693,0.005817764173314366,8.948448085784912,1.4555581545943087E-5,1.2879726301280388,2.4872762374303936,1.2879726301280388,1.2572087142370134
1.370000000000001,0.01,1.0131997215615394,0.001549504967065989,0.006907272234840207,0.005817764173314366,8.928364839553833,8.705238163267002E-5,1.2949097191977128,2.4974900688365014,1.2949097191977128,1.2810945071559852
1.380000000000001,0.01,1.0014481137731726,0.001549504967065989,0.0065810366344499355,0.005817764173314366,8.928364839553833,1.5612510398107208E-4,1.3017087191211059,2.5076220660521167,1.3017087191211059,1.3051261376548797
1.390000000000001,0.01,0.9953689154438033,0.001549504967065989,0.006270209383882126,0.005817764173314366,8.885248241424561,2.2193547032557144E-4,1.3083710916785805,2.5176365471898485,1.3083710916785805,1.329301117169257
1.400000000000001,0.01,0.9772875792849681,0.001549504967065989,0.005974062735331879,0.005817764173314366,8.866586093902589,2.846375641643927E-4,1.314898249766922,2.5275902363442864,1.314898249766922,1.3536166592291083
1.410000000000001,0.01,0.9660899644861531,0.001549504967065989,0.005691903313057184,0.005817764173314366,8.843229761123657,3.4437819151771147E-4,1.32129179852256,2.537363112137136,1.32129179852256,1.3780705704621927
1.420000000000001,0.01,0.9536864658323425,0.001549504967065989,0.005423070489967249,0.005817764173314366,8.830659313201904,4.012972246482833E-4,1.327553077175233,2.5470240117819976,1.327553077175233,1.4026595425008326
1.430000000000001,0.01,0.9443702006273347,0.001549504967065989,0.0051669348408796755,0.005817764173314366,8.806304159164428,4.555279295479558E-4,1.3336836472187923,2.556560876440321,1.3336836472187923,1.4273809753597997
1.440000000000001,0.01,0.9318286387018475,0.001549504967065989,0.00492289666883115,0.005817764173314366,8.789980268478393,5.071972779567526E-4,1.3396850774990936,2.566004578446594,1.3396850774990936,1.4522321963777942
1.450000000000001,0.01,0.9215917281059937,0.001549504967065989,0.0046903846009915635,0.005817764173314366,8.772830896377563,5.56426244645064E-4,1.345559042728794,2.5753228648336126,1.345559042728794,1.4772108769302406
1.460000000000001,0.01,0.9111989320855501,0.001549504967065989,0.004468854250894163,0.011635528346628954,8.755110549926759,6.033300906549796E-4,1.3513071703364041,2.5845387821146724,1.3513071703364041,1.502314418808233
1.470000000000001,0.01,0.9007076847106892,0.0030990099341320376,0.011230559295646762,0.011635528346628954,8.768557729721069,6.480186331639212E-4,1.35693116714142,2.5936507714355277,1.35693116714142,1.5275404912643775
1.480000000000001,0.01,0.8990057014605827,0.0030990099341320376,0.011029460854356524,0.011635528346628954,8.747267360687255,7.603242261203888E-4,1.362432757761487,2.6026578482826346,1.362432757761487,1.5528867914493356
1.490000000000001,0.01,0.8876401520228506,0.0030990099341320376,0.010524085686052419,0.011635528346628954,8.736689062118531,8.706188346639541E-4,1.3678136835939425,2.6116479052972403,1.3678136835939425,1.5783510492376225
1.500000000000001,0.01,0.8792841942148444,0.0030990099341320376,0.010027759947606376,0.011635528346628954,8.713190050125123,9.758596915244783E-4,1.3730757969356129,2.620524306817469,1.3730757969356129,1.6039319139865664
1.5100000000000011,0.01,0.8673786299445533,0.0030990099341320376,0.009554176091734017,0.011635528346628954,8.68511152267456,0.001076137291000542,1.3782207894376908,2.6293171487596174,1.3782207894376908,1.629627123976284
1.5200000000000011,0.01,0.8542409370931062,0.0030990099341320376,0.009102926894091729,0.011635528346628954,8.67116156578064,0.0011716790519178822,1.3832504536297134,2.637990935059063,1.3832504536297134,1.6554347458154157
1.5300000000000011,0.01,0.8451306773831413,0.0030990099341320376,0.0086729889699637,0.011635528346628954,8.646023139953613,0.0012627083208587996,1.388166542916808,2.646533344429994,1.388166542916808,1.6813525328248557
1.5400000000000011,0.01,0.8329664725290153,0.0030990099341320376,0.00826335725972957,0.011635528346628954,8.632190608978272,0.0013494382105584365,1.3929708140953274,2.6549846512038253,1.3929708140953274,1.7073781519867743
1.5500000000000012,0.01,0.8240225797916211,0.0030990099341320376,0.007873072756081205,0.011635528346628954,8.614387531280517,0.0014320717831557321,1.397665116311035,2.6633143159291155,1.397665116311035,1.7335097014341454
1.5600000000000012,0.01,0.8140399192010758,0.0030990099341320376,0.007501221679393375,0.011635528346628954,8.614387531280517,0.0015108025107165443,1.4022512535834484,2.6715545417270317,1.4022512535834484,1.7597450146486255
1.5700000000000012,0.01,0.809095783722326,0.0030990099341320376,0.00714693340536972,0.011635528346628954,8.609887237548827,0.001585814727510478,1.406731092569416,2.6796949409190423,1.406731092569416,1.7860822774069693
1.5800000000000012,0.01,0.8029514619622461,0.0030990099341320376,0.006809378429797019,0.011635528346628954,8.593663759231568,0.0016572840615641752,1.4111064816669432,2.6877858987562657,1.4111064816669432,1.812519608359317
1.5900000000000012,0.01,0.7935543133310794,0.0030990099341320376,0.006487766426555381,0.011635528346628954,8.56783043861389,0.0017253778458621452,1.4153793469640688,2.6958154133758883,1.4153793469640688,1.8390556579128567
1.6000000000000012,0.01,0.7815032747863566,0.0030990099341320376,0.006181344397214516,0.011635528346628954,8.548202018737793,0.0017902555101276991,1.4195515821378804,2.703750956509199,1.4195515821378804,1.8656889928139522
1.6100000000000012,0.01,0.7712459913410628,0.0030990099341320376,0.005889394908019523,0.011635528346628954,8.531350412368774,0.0018520689540998444,1.4236250182621704,2.7115659892570623,1.4236250182621704,1.8924178918115497
1.6200000000000012,0.01,0.7618385219090192,0.0030990099341320376,0.005611234410144869,0.011635528346628954,8.531350412368774,0.0019109629031800396,1.4276014377079391,2.719278449170473,1.4276014377079391,1.9192404028759686
1.6300000000000012,0.01,0.7572110459609728,0.0030990099341320376,0.00534621163928399,0.011635528346628954,8.49536277770996,0.0019670752472814882,1.431482641423859,2.726896834389563,1.431482641423859,1.9461547816748157
1.6400000000000012,0.01,0.7425634771250511,0.0030990099341320376,0.005093706090827472,0.011635528346628954,8.466011667251587,0.0020205373636743283,1.4352704306908184,2.734468944849173,1.4352704306908184,1.9731593977063295
1.6500000000000012,0.01,0.7298018999209407,0.0030990099341320376,0.004853126567059692,0.011635528346628954,8.442562417984009,0.002071474424582603,1.4389666574753106,2.7418945796204235,1.4389666574753106,2.000253122968686
1.6600000000000013,0.01,0.7187807292632685,0.0030990099341320376,0.004623909792972457,0.011635528346628954,8.429931688308717,0.0021200056902531995,1.4425730195607078,2.749192598619633,1.4425730195607078,2.027433865068272
1.6700000000000013,0.01,0.710865313554661,0.0030990099341320376,0.004405519097454771,0.011635528346628954,8.406283349990845,0.002166244788182924,1.4460912309306462,2.7563804059122656,1.4460912309306462,2.0546997445367015
1.6800000000000013,0.01,0.6999310944500775,0.0030990099341320376,0.00419744315677101,0.011635528346628954,8.406283349990845,0.002210299979157472,1.4495230153037932,2.7634890590478123,1.4495230153037932,2.0820490799989377
1.6900000000000013,0.01,0.6956659025687495,0.0030990099341320376,0.003999194797385546,0.011635528346628954,8.366042785644531,0.002252274410725182,1.4528701186777138,2.770488369992313,1.4528701186777138,2.109480523215655
1.7000000000000013,0.01,0.6801989579850808,0.0030990099341320376,0.00381030985533085,0.011635528346628954,8.374307460784912,0.0022922663586990373,1.456134231046644,2.7774450290180006,1.456134231046644,2.136992450652119
1.7100000000000013,0.01,0.6783390716089751,0.0030990099341320376,0.003630346089448501,0.011635528346628954,8.356175441741943,0.002330369457252346,1.4593171022070808,2.7842470185978514,1.4593171022070808,2.164583924336896
1.7200000000000013,0.01,0.6691809125290331,0.0030990099341320376,0.0034588821459586123,0.011635528346628954,8.332862510681153,0.002366672918146831,1.4624203308552106,2.791030409313941,1.4624203308552106,2.192252916331808
1.7300000000000013,0.01,0.6585832574023583,0.0030990099341320376,0.00329551657193343,0.011635528346628954,8.311946821212768,0.002401261739606417,1.4654456516476482,2.7977222184392314,1.4654456516476482,2.219998772034496
1.7400000000000013,0.01,0.6487117788760363,0.0030990099341320376,0.003139866875365293,0.011635528346628954,8.311946821212768,0.0024342169053257513,1.4683946925708173,2.804308051013255,1.4683946925708173,2.2478201328708804
1.7500000000000013,0.01,0.6447602793316219,0.0030990099341320376,0.002991568629628288,0.011635528346628954,8.25656449317932,0.0024656155740794042,1.4712690463944047,2.8107951688020156,1.4712690463944047,2.275715516979987
1.7600000000000013,0.01,0.6253609568090004,0.0030990099341320376,0.00285027462023685,0.011635528346628954,8.237566356658936,0.002495531260375687,1.4740702940769963,2.817242771595332,1.4740702940769963,2.303683533704754
1.7700000000000014,0.01,0.616172916907303,0.0030990099341320376,0.0027156540319035766,0.011635528346628954,8.214166860580445,0.002524034006578056,1.4768000537214636,2.8234963811634217,1.4768000537214636,2.3317233998901346
1.7800000000000014,0.01,0.6058688922644714,0.0030990099341320376,0.0025873916739929175,0.011635528346628954,8.19324948310852,0.0025511905468970915,1.479459770354746,2.829658110332495,1.479459770354746,2.3598328127063946
1.7900000000000014,0.01,0.5963149890708888,0.0030990099341320376,0.0024651872425572575,0.01745329251994332,8.17362995147705,0.0025770644636370207,1.4820509726144802,2.8357167992551395,1.4820509726144802,2.3880105019833064
1.8000000000000014,0.01,0.5871863068604903,0.004648514901198027,0.00932152696902453,0.01745329251994332,8.17362995147705,0.002601716336062593,1.4845751570509353,2.841679949145848,1.4845751570509353,2.4162551026972223
1.8100000000000014,0.01,0.5836084169260651,0.004648514901198027,0.009210593543109453,0.01745329251994332,8.161610651016236,0.0026949316057528383,1.4870338056185894,2.847551812214453,1.4870338056185894,2.444565340078045
1.8200000000000014,0.01,0.5767198949558742,0.004648514901198027,0.008791124829503349,0.01745329251994332,8.133590068817139,0.0027870375411839328,1.489428381780895,2.853387896383714,1.489428381780895,2.472939996680857
1.8300000000000014,0.01,0.5653724814385704,0.004648514901198027,0.008376648120063425,0.011635528346628954,8.110867300033568,0.002874948789478966,1.491760286464742,2.8591550953332727,1.491760286464742,2.5013784296417003
1.8400000000000014,0.01,0.5555497868094356,0.0030990099341320376,0.0010082751509388214,0.01745329251994332,8.089352531433105,0.0029587152706796005,1.4940309031308903,2.8648088201476583,1.4940309031308903,2.5298796767349843
1.8500000000000014,0.01,0.5461334167126745,0.004648514901198027,0.0076040983373329195,0.01745329251994332,8.065035915374756,0.002968798022188989,1.4962415883363183,2.8703643180157528,1.4962415883363183,2.5584423416758137
1.8600000000000014,0.01,0.5359914654954799,0.004648514901198027,0.007558725955540672,0.01745329251994332,8.065035915374756,0.003044839005562318,1.4983937133351788,2.8758256521828796,1.4983937133351788,2.587065190761869
1.8700000000000014,0.01,0.5327146649952038,0.004648514901198027,0.00721654153036069,0.01745329251994332,8.019120731353759,0.003120426265117725,1.5004887324627483,2.8811855668378343,1.5004887324627483,2.61574703542065
1.8800000000000014,0.01,0.5166424646763519,0.004648514901198027,0.006876398862361359,0.011635528346628954,7.9946753120422365,0.003192591680421332,1.5025279605981232,2.8865127134877864,1.5025279605981232,2.644486634855356
1.8900000000000015,0.01,0.5066014592791545,0.0030990099341320376,-4.2111785830182473E-4,0.01745329251994332,7.977384214401245,0.0032613556690449454,1.5045127498576707,2.89167913813455,1.5045127498576707,2.673283443291498
1.9000000000000015,0.01,0.4986600971516186,0.004648514901198027,0.006242216544688868,0.011635528346628954,7.94684962272644,0.003257144490461927,1.506444351096812,2.8967451527273416,1.506444351096812,2.7021356484142474
1.9100000000000015,0.01,0.48707080272699804,0.0030990099341320376,-7.116055034845031E-4,0.011635528346628954,7.922633256912231,0.003319566655908816,1.5083240460546485,2.901731753698858,1.5083240460546485,2.731042049000457
1.9200000000000015,0.01,0.47729825971610995,0.0030990099341320376,-9.925052479955025E-4,0.011635528346628954,7.922633256912231,0.003312450600873971,1.5101531983646346,2.906602461726128,1.5101531983646346,2.760001657403702
1.9300000000000015,0.01,0.47437583489974794,0.0030990099341320376,-9.604830003387005E-4,0.011635528346628954,7.90578556060791,0.003302525548394016,1.511933004355842,2.911375444323289,1.511933004355842,2.789013139228747
1.9400000000000015,0.01,0.46679469037624144,0.0030990099341320376,-9.158202641789035E-4,0.011635528346628954,7.884014358520508,0.003292920718390629,1.5136647418090647,2.916119202672286,1.5136647418090647,2.8180753446366986
1.9500000000000015,0.01,0.4578524987823706,0.0030990099341320376,-8.725985291636617E-4,0.011635528346628954,7.86565239906311,0.00328376251574884,1.5153496761408138,2.9207871495760487,1.5153496761408138,2.847187818195589
1.9600000000000015,0.01,0.44991038199204164,0.0030990099341320376,-8.313866172756103E-4,0.011635528346628954,7.83832597732544,0.003275036530457203,1.516988991848525,2.9253656745638725,1.516988991848525,2.876349649436499
1.9700000000000015,0.01,0.43951186891279975,0.0030990099341320376,-7.921196834632452E-4,0.011635528346628954,7.811611261367798,0.003266722664284447,1.518583821917562,2.929864778383793,1.518583821917562,2.9055598009260506
1.9800000000000015,0.01,0.42933228615270763,0.0030990099341320376,-7.547072856858425E-4,0.011635528346628954,7.811611261367798,0.0032588014674498145,1.520135267305229,2.934259897072921,1.520135267305229,2.9348173431873286
1.9900000000000015,0.01,0.4266952149392308,0.0030990099341320376,-7.190618999299962E-4,0.011635528346628954,7.757963647842407,0.0032512543945929563,1.5216443828623254,2.9385532199344477,1.5216443828623254,2.964121108894015
2.0000000000000013,0.01,0.4090978894352054,0.0030990099341320376,-6.851000720741341E-4,0.011635528346628954,7.732965621948242,0.0032440637755936563,1.5231121964804621,2.94282017208384,1.5231121964804621,2.993469959396567
2.010000000000001,0.01,0.39953827089520394,0.0030990099341320376,-6.527422865772842E-4,0.011635528346628954,7.708838577270508,0.003237212774872915,1.5245397473158293,2.946911150978192,1.5245397473158293,3.0228635157505503
2.020000000000001,0.01,0.39032811104882714,0.0030990099341320376,-6.21912783333949E-4,0.011635528346628954,7.713188514709473,0.0032306853520071423,1.5259279759665243,2.9509065336871436,1.5259279759665243,3.052299910814983
2.0300000000000007,0.01,0.3891488639063664,0.0030990099341320376,-5.925393804379711E-4,0.011635528346628954,7.689797735214233,0.003224466224173803,1.5272778435521353,2.954809814797632,1.5272778435521353,3.081778085700092
2.0400000000000005,0.01,0.38025747698140605,0.0030990099341320376,-5.645533051879437E-4,0.011635528346628954,7.689797735214233,0.003218540830369423,1.528590292335865,2.958701303436696,1.528590292335865,3.1112970216963727
2.0500000000000003,0.01,0.3779225837979678,0.0030990099341320376,-5.378890330682352E-4,0.011635528346628954,7.63839714050293,0.0032128952973175437,1.5298662797654394,2.96250387820651,1.5298662797654394,3.1408565074221997
2.06,0.01,0.3612488724169144,0.0030990099341320376,-5.124841343347778E-4,0.01745329251994332,7.614493913650513,0.0032075164069868614,1.5311067076530416,2.9662831040444897,1.5311067076530416,3.170455565878416
2.07,0.01,0.3522884333954498,0.004648514901198027,0.0064844932239502455,0.011635528346628954,7.585436792373657,0.0032023915656435135,1.5323124868381435,2.9698955927686588,1.5323124868381435,3.2000938796275276
2.0799999999999996,0.01,0.34198494620342873,0.0030990099341320376,-4.6521734180164187E-4,0.011635528346628954,7.561430110931396,0.003267236497883016,1.5334844506737983,2.973418477102613,1.5334844506737983,3.229769702850525
2.0899999999999994,0.01,0.33314934479922315,0.0030990099341320376,-7.570195368794021E-4,0.01745329251994332,7.534691543579101,0.0032625843244649994,1.5346234499216722,2.976838326564647,1.5346234499216722,3.2594820643304017
2.099999999999999,0.01,0.32361063626336,0.004648514901198027,0.006236687595298625,0.01745329251994332,7.534691543579101,0.003255014129096205,1.5357302273323403,2.9801698200126396,1.5357302273323403,3.289229865694766
2.109999999999999,0.01,0.3216117401945645,0.004648514901198027,0.006270753474458199,0.01745329251994332,7.48006381034851,0.0033173810050491914,1.5368056406184438,2.9834059263752732,1.5368056406184438,3.3190121540869546
2.1199999999999988,0.01,0.3043743110724189,0.004648514901198027,0.0059901025326697605,0.01745329251994332,7.450286264419556,0.0033800885397937733,1.5378505235925262,2.986622043777219,1.5378505235925262,3.348827910185427
2.1299999999999986,0.01,0.29410692777114444,0.004648514901198027,0.005707918626319142,0.01745329251994332,7.429034185409546,0.003439989565120471,1.5388656243729624,2.989665786887943,1.5388656243729624,3.378676874885114
2.1399999999999983,0.01,0.2863300997819072,0.004648514901198027,0.005438364012349003,0.01745329251994332,7.431603164672851,0.003497068751383662,1.539851652820706,2.9926068561656542,1.539851652820706,3.4085572681159446
2.149999999999998,0.01,0.28528477240900585,0.004648514901198027,0.005181507674164642,0.01745329251994332,7.40482497215271,0.0035514523915071523,1.5408093576653463,2.9954701571634734,1.5408093576653463,3.438468008343955
2.159999999999998,0.01,0.27606889790467476,0.004648514901198027,0.004936781293608937,0.01745329251994332,7.40482497215271,0.0036032674682487985,1.5417395003777266,2.9983230048875633,1.5417395003777266,3.468408265202912
2.1699999999999977,0.01,0.27435718927022085,0.004648514901198027,0.004703613448271528,0.01745329251994332,7.352381439208984,0.003652635281184888,1.5426428603041087,3.00108369386661,1.5426428603041087,3.4983778835689705
2.1799999999999975,0.01,0.25801658665854965,0.004648514901198027,0.004481458290059127,0.01745329251994332,7.325728349685669,0.003699671415667603,1.5435201823836195,3.003827265759312,1.5435201823836195,3.528375894165142
2.1899999999999973,0.01,0.2489075784563999,0.004648514901198027,0.004269795684886908,0.01745329251994332,7.302456645965576,0.0037444859985681944,1.5443722229496861,3.0064074316258975,1.5443722229496861,3.5584020802553815
2.199999999999997,0.01,0.240843401894823,0.004648514901198027,0.0040681300618342475,0.01745329251994332,7.272592172622681,0.0037871839554170636,1.5451996815990363,3.0088965074104617,1.5451996815990363,3.5884547652714853
2.209999999999997,0.01,0.23098790388807364,0.004648514901198027,0.003875989256014336,0.01745329251994332,7.27281270980835,0.003827865256035406,1.5460032657224207,3.01130494142941,1.5460032657224207,3.6185329977958096
2.2199999999999966,0.01,0.22960459388869214,0.004648514901198027,0.003692923403231794,0.01745329251994332,7.27281270980835,0.0038666251485955493,1.5467836687467702,3.0136148204682907,1.5467836687467702,3.648635933136857
2.2299999999999964,0.01,0.2282186664653637,0.004648514901198027,0.00351850388671115,0.01745329251994332,7.184765701293945,0.0039035543826278674,1.5475415614282864,3.0159108664071774,1.5475415614282864,3.678762549729132
2.239999999999996,0.01,0.20218787651799833,0.004648514901198027,0.003352322333565719,0.011635528346628954,7.189184341430664,0.003938739421494979,1.5482776173807047,3.018193053071831,1.5482776173807047,3.708912675053021
2.249999999999996,0.01,0.20205578375748726,0.0030990099341320376,-0.0037787826931332353,0.01745329251994332,7.1675163269042965,0.003972262644830636,1.5489924885341104,3.020214931837011,1.5489924885341104,3.7390861383907805
2.259999999999996,0.01,0.19477561243099667,0.004648514901198027,0.003043135153653261,0.011635528346628954,7.133013362884522,0.003934474817899303,1.5496867484552264,3.0222354896745856,1.5496867484552264,3.769280307142562
2.2699999999999956,0.01,0.18390244780291462,0.0030990099341320376,-0.0037595919769526955,0.011635528346628954,7.105768880844116,0.003964906169435836,1.550361017496813,3.0241832457988953,1.550361017496813,3.799495139539324
2.2799999999999954,0.01,0.17510533915701545,0.0030990099341320376,-0.0038965330588670924,0.011635528346628954,7.105768880844116,0.003927310249666309,1.551015965487609,3.0260222702769246,1.551015965487609,3.829729879054432
2.289999999999995,0.01,0.17400192447019788,0.0030990099341320376,-0.003727351419904222,0.011635528346628954,7.049128475189209,0.0038883449190776384,1.5516521096181306,3.027773323668495,1.5516521096181306,3.8599834143629934
2.299999999999995,0.01,0.15709197885188164,0.0030990099341320376,-0.0035520074322552037,0.01745329251994332,7.01485782623291,0.003851071404878596,1.552270047154532,3.029513342913197,1.552270047154532,3.890254841206685
2.3099999999999947,0.01,0.1464521855972964,0.004648514901198027,0.0035884957334374394,0.01745329251994332,7.017168617248535,0.0038155513305560443,1.5528703432840198,3.031084262701716,1.5528703432840198,3.920544026637228
2.3199999999999945,0.01,0.14615665520856033,0.004648514901198027,0.0037483360678889225,0.01745329251994332,6.988704309463501,0.0038514362878904187,1.5534534868503405,3.032548784557689,1.5534534868503405,3.950849259260339
2.3299999999999943,0.01,0.13730793591516707,0.004648514901198027,0.0035868537598842377,0.01745329251994332,6.957542133331299,0.003888919648569308,1.5540199465717086,3.0340103511097745,1.5540199465717086,3.981169456100998
2.339999999999994,0.01,0.12770558666689916,0.004648514901198027,0.0034181786368292365,0.01745329251994332,6.92872992515564,0.003924788186168151,1.5545700950904804,3.0353834304689262,1.5545700950904804,4.011504571358261
2.349999999999994,0.01,0.11881432076222351,0.004648514901198027,0.0032567702176344443,0.01745329251994332,6.897622022628784,0.0039589699725364426,1.5551043042185055,3.0366604863355953,1.5551043042185055,4.041853704420081
2.3599999999999937,0.01,0.10933787453470245,0.004648514901198027,0.0031029521789771304,0.01745329251994332,6.867198572158814,0.003991537674712787,1.5556229609579857,3.0378486295432174,1.5556229609579857,4.072215879673409
2.3699999999999934,0.01,0.10010642247853756,0.004648514901198027,0.0029563975191835793,0.01745329251994332,6.838970756530761,0.0040225671965025585,1.556126464250923,3.0389420082885645,1.556126464250923,4.1025901930654145
2.3799999999999932,0.01,0.09154660685547462,0.004648514901198027,0.0028167646711296087,0.01745329251994332,6.80888032913208,0.004052131171694394,1.556615217551185,3.03994307251335,1.556615217551185,4.132975682582379
2.389999999999993,0.01,0.08252064864897236,0.004648514901198027,0.002683726782766347,0.01745329251994332,6.773519668579102,0.004080298818405691,1.5570896263106466,3.040858538581905,1.5570896263106466,4.163371411307664
2.399999999999993,0.01,0.07207038405300566,0.004648514901198027,0.002556972372565513,0.02327105669325769,6.76100604057312,0.004107136086233355,1.5575500953317252,3.0416837450683945,1.5575500953317252,4.1937765101143984
2.4099999999999926,0.01,0.06807144431943701,0.006198019868264017,0.009408977019137982,0.02327105669325769,6.724749870300293,0.00413270580995901,1.5579970243584633,3.0424044489089246,1.5579970243584633,4.2241900639177015
2.4199999999999924,0.01,0.0574872943387275,0.006198019868264017,0.00929391326237253,0.02327105669325769,6.695076017379761,0.00422679558015039,1.5584308049761628,3.043085163352119,1.5584308049761628,4.25461101586615
2.429999999999992,0.01,0.04877018685506185,0.006198019868264017,0.008870509296511323,0.02327105669325769,6.659584045410156,0.004319734712774115,1.5588518306129728,3.043660036295506,1.5588518306129728,4.285038954813021
2.439999999999992,0.01,0.038487510937539944,0.006198019868264017,0.008452283199704558,0.02327105669325769,6.625512046813965,0.004408439805739229,1.5592603881480358,3.0441477381640567,1.5592603881480358,4.315472812971243
2.4499999999999917,0.01,0.028654730209476217,0.006198019868264017,0.008053110281361547,0.029088820866572274,6.607263860702514,0.004492962637736275,1.559656798320774,3.0445326132734323,1.559656798320774,4.3459117092086545
2.4599999999999915,0.01,0.02331431303264466,0.007747524835330064,0.014645529889172053,0.029088820866572274,6.607263860702514,0.00457349374054989,1.5600414047145887,3.044819160575527,1.5600414047145887,4.376354605937619
2.4699999999999913,0.01,0.023142384651387803,0.007747524835330064,0.014283139926510783,0.02327105669325769,6.525288352966308,0.004719949039441611,1.5604145670332932,3.0450523037058534,1.5604145670332932,4.40680051078449
2.479999999999991,0.01,4.9356607054207303E-5,0.006198019868264017,0.006651318729700828,0.029088820866572274,6.497871580123902,0.004862780438706718,1.560776657897937,3.045283727552367,1.560776657897937,4.437248880912235
2.489999999999991,0.01,-0.007766194096727741,0.007747524835330064,0.012981349784805057,0.029088820866572274,6.460952177047729,0.004929293626003727,1.5611279684640331,3.045284221118438,1.5611279684640331,4.467699691722715
2.4999999999999907,0.01,-0.018103923097698437,0.007747524835330064,0.01268204044196852,0.029088820866572274,6.426537084579468,0.005059107123851777,1.5614687981083628,3.0452065591774704,1.5614687981083628,4.498150626583452
2.5099999999999905,0.01,-0.02769355182423121,0.007747524835330064,0.012097879701652292,0.029088820866572274,6.392227249145508,0.005185927528271462,1.5617995831465734,3.0450255199464933,1.5617995831465734,4.528600895548836
2.5199999999999902,0.01,-0.03719168220715367,0.007747524835330064,0.01152718788176371,0.029088820866572274,6.360603008270264,0.005306906325287985,1.5621206442204427,3.044748584428251,1.5621206442204427,4.5590494581011045
2.52999999999999,0.01,-0.04588030834127652,0.007747524835330064,0.010982783295189357,0.03490658503988664,6.315366897583008,0.005422178204105622,1.5624323146494234,3.0443766676061794,1.5624323146494234,4.589495348723346
2.53999999999999,0.01,-0.05832326924046551,0.009297029802396054,0.017436832192306944,0.03490658503988664,6.282173690795898,0.005532006037057516,1.5627349361961858,3.0439178645227667,1.5627349361961858,4.619937611280947
2.5499999999999896,0.01,-0.06734208529080847,0.009297029802396054,0.01694260694402342,0.03490658503988664,6.246593255996704,0.005706374358980585,1.5630288525786111,3.043334631830362,1.5630288525786111,4.650375370885691
2.5599999999999894,0.01,-0.07695466741914023,0.009297029802396054,0.01615794949536961,0.03490658503988664,6.2115899848937985,0.005875800428420819,1.5633143991797187,3.042661210977454,1.5633143991797187,4.680807377577141
2.569999999999989,0.01,-0.08635153081620874,0.009297029802396054,0.015395532182888557,0.03490658503988664,6.1812779903411865,0.006037379923374516,1.5635918188363258,3.0418916643032627,1.5635918188363258,4.711232724950881
2.579999999999989,0.01,-0.09437716128642526,0.009297029802396054,0.014668424455596924,0.03490658503988664,6.1812779903411865,0.006191335245203401,1.5638613824334398,3.0410281489951005,1.5638613824334398,4.741650447173344
2.5899999999999888,0.01,-0.09385905210152794,0.009297029802396054,0.013975625507366939,0.040724349213201005,6.1064604377746585,0.0063380194897593705,1.5641233823299059,3.0400843773822364,1.5641233823299059,4.772059600011795
2.5999999999999885,0.01,-0.11424170385243748,0.010846534769462042,0.02028831875866202,0.040724349213201005,6.071963872909546,0.00647777574483304,1.5643781225392266,3.039145786861221,1.5643781225392266,4.802459376484429
2.6099999999999883,0.01,-0.1233375877020598,0.010846534769462042,0.01965941561083051,0.040724349213201005,6.029301643371582,0.00668065893241966,1.5646259160395692,3.0380033698226967,1.5646259160395692,4.832849824157354
2.619999999999988,0.01,-0.13459756174957507,0.010846534769462042,0.01874644126669072,0.040724349213201005,5.996738748550415,0.006877253088527964,1.564867051521282,3.036769993945676,1.564867051521282,4.863228900858019
2.629999999999988,0.01,-0.14297514677328946,0.010846534769462042,0.01786176756420335,0.04654211338651559,5.96631236076355,0.007064717501194872,1.5651017332921036,3.03542401832818,1.5651017332921036,4.8935956939728555
2.6399999999999877,0.01,-0.150686949983114,0.012396039736528091,0.023990950058999486,0.04654211338651559,5.96631236076355,0.007243335176836905,1.5653301919837277,3.0339942668604474,1.5653301919837277,4.923949074406187
2.6499999999999875,0.01,-0.1498290991024743,0.012396039736528091,0.023187170518610335,0.04654211338651559,5.888177194595337,0.0074832446774269,1.5655526813979395,3.032487397360616,1.5655526813979395,4.954288201282134
2.6599999999999873,0.01,-0.17080282392967527,0.012396039736528091,0.02210757776595536,0.04654211338651559,5.857125291824341,0.007715116382613004,1.5657694650039176,3.0309891063695913,1.5657694650039176,4.984612300384717
2.669999999999987,0.01,-0.17859838211093945,0.012396039736528091,0.021064155092617894,0.05235987755982996,5.818154306411743,0.007936192160272557,1.5659807249992856,3.0292810781302943,1.5659807249992856,5.014921455198197
2.679999999999987,0.01,-0.18848544108288853,0.01394554470359408,0.02704208644494685,0.05235987755982996,5.782062158584595,0.008146833711198736,1.5661866603010555,3.027495094309185,1.5661866603010555,5.0452135659810935
2.6899999999999866,0.01,-0.19751965218182424,0.01394554470359408,0.026094199465779046,0.05235987755982996,5.748342638015747,0.008417254575648205,1.5663875084407604,3.025610239898356,1.5663875084407604,5.0754878506899255
2.6999999999999864,0.01,-0.2058302052946044,0.01394554470359408,0.024877305575756434,0.05235987755982996,5.748342638015747,0.008678196570305996,1.5665835173035891,3.023635043376538,1.5665835173035891,5.105743318177695
2.709999999999986,0.01,-0.2046450873815135,0.01394554470359408,0.023703066599796374,0.05235987755982996,5.676998596191407,0.00892696962606356,1.5667748496054095,3.021576741323592,1.5667748496054095,5.135979063240514
2.719999999999986,0.01,-0.22338643786056123,0.01394554470359408,0.022583587848887338,0.05235987755982996,5.637671623229981,0.009164000292061525,1.5669617042230908,3.0195302904497767,1.5669617042230908,5.166194252892784
2.7299999999999858,0.01,-0.23317011976547136,0.01394554470359408,0.0215169498518965,0.058177641733144325,5.605809020996094,0.009389836170550397,1.5671443109592307,3.017296426071171,1.5671443109592307,5.196389003633174
2.7399999999999856,0.01,-0.24075132976379646,0.01549504967066007,0.027473460750493527,0.058177641733144325,5.571204919815063,0.009605005669069362,1.567322895248905,3.0149647248735163,1.567322895248905,5.226561439397123
2.7499999999999853,0.01,-0.24904145737589198,0.01549504967066007,0.026505198007158184,0.058177641733144325,5.535765628814698,0.009879740276574298,1.56749769335476,3.0125572115758783,1.56749769335476,5.256710579929572
2.759999999999985,0.01,-0.2575199508774115,0.01549504967066007,0.02526889227338597,0.058177641733144325,5.535765628814698,0.01014479225664588,1.567668936855078,3.0100667970021195,1.567668936855078,5.286835665339664
2.769999999999985,0.01,-0.25602570213315623,0.01549504967066007,0.024076158363063854,0.06399540590645869,5.467272605895996,0.010397481179379739,1.5678367561556,3.0074915974933454,1.5678367561556,5.316935865487236
2.7799999999999847,0.01,-0.2736586288451283,0.01704455463772606,0.029911830562558445,0.06399540590645869,5.424282627105713,0.010638242763010376,1.5680013067877474,3.0049313404720137,1.5680013067877474,5.3470103313010915
2.7899999999999845,0.01,-0.2841596686936085,0.01704455463772606,0.028828403436220576,0.06399540590645869,5.386413526535034,0.010937361068635961,1.568162767685913,3.0021947541835625,1.568162767685913,5.3770592109220265
2.7999999999999843,0.01,-0.29312106508032787,0.01704455463772606,0.027482371060905442,0.06981317007977328,5.354050407409668,0.011225645102998167,1.5683213099390163,2.9993531574966266,1.5683213099390163,5.407080739839767
2.809999999999984,0.01,-0.300477780423269,0.01859405960479211,0.03315786525807274,0.06399540590645869,5.319269275665283,0.011500468813607221,1.5684770221846966,2.9964219468458233,1.5684770221846966,5.4370738672198025
2.819999999999984,0.01,-0.3084577709212147,0.01704455463772606,0.024948386208534772,0.06399540590645869,5.319269275665283,0.01183204746618795,1.5686300273394402,2.9934171690415905,1.5686300273394402,5.467037696043512
2.8299999999999836,0.01,-0.30665490423867503,0.01704455463772606,0.023456282271921494,0.06981317007977328,5.2411328887939455,0.012081531328273297,1.5687804721088412,2.990332591332378,1.5687804721088412,5.496971489674835
2.8399999999999834,0.01,-0.32668234593712214,0.01859405960479211,0.02930637724433465,0.07563093425308764,5.217261905670166,0.012316094150992512,1.5689284240074421,2.9872660422899915,1.5689284240074421,5.526874449577061
2.849999999999983,0.01,-0.33152629178634846,0.020143564571858095,0.035223616893895124,0.07563093425308764,5.180342149734497,0.012609157923435858,1.5690740863401356,2.98399921883062,1.5690740863401356,5.556746754865182
2.859999999999983,0.01,-0.3399037293727128,0.020143564571858095,0.033904829917900066,0.07563093425308764,5.13439079284668,0.01296139409237481,1.5692176355157728,2.9806839559127565,1.5692176355157728,5.586586401770472
2.869999999999983,0.01,-0.35078095155058353,0.020143564571858095,0.03231976715767478,0.08144869842640201,5.101052141189575,0.013300442391553811,1.5693591521881438,2.9772849186190293,1.5693591521881438,5.616392905381848
2.8799999999999826,0.01,-0.35807635163833657,0.021693069538924085,0.03776682216316623,0.08144869842640201,5.075670433044434,0.01362364006313056,1.5694986434529363,2.9737771091035237,1.5694986434529363,5.646165427795152
2.8899999999999824,0.01,-0.3630785442096727,0.021693069538924085,0.03631243264107087,0.08144869842640201,5.034531936645508,0.014001308284762221,1.569636168693011,2.9701963455871403,1.569636168693011,5.675902880885004
2.899999999999982,0.01,-0.3724488650915419,0.021693069538924085,0.034612925643728386,0.0872664625997166,4.996001377105713,0.01436443261117293,1.5697718287072726,2.9665655601450434,1.5697718287072726,5.70560453453416
2.909999999999982,0.01,-0.38105895049742633,0.023242574505990134,0.039951638526677415,0.0872664625997166,4.961330366134644,0.014710561867610213,1.5699056576934476,2.962841071494128,1.5699056576934476,5.735269888266525
2.9199999999999817,0.01,-0.38853214037877654,0.023242574505990134,0.03839405687270964,0.0872664625997166,4.924233093261718,0.015110078252876987,1.5700377358326534,2.9590304819891537,1.5700377358326534,5.764898004589679
2.9299999999999815,0.01,-0.39663302308021114,0.023242574505990134,0.03659623313900916,0.09308422677303096,4.892564220428467,0.015494018821604083,1.5701681788330693,2.955145160585366,1.5701681788330693,5.7944880218921035
2.9399999999999813,0.01,-0.40316911463124877,0.024792079473056124,0.04184127293153418,0.09308422677303096,4.850555648803711,0.015859981152994175,1.5702970319959224,2.951178830354564,1.5702970319959224,5.824039192577468
2.949999999999981,0.01,-0.41255171654769923,0.024792079473056124,0.04019444244027877,0.09308422677303096,4.813224506378174,0.016278393882309516,1.5704243858154139,2.9471471392082513,1.5704243858154139,5.853550706091315
2.959999999999981,0.01,-0.42058542173906216,0.024792079473056124,0.03831158515835974,0.09890199094634532,4.78703046798706,0.016680338306712304,1.5705503624809452,2.9430216220427745,1.5705503624809452,5.883021908236699
2.9699999999999807,0.01,-0.4254444421892879,0.026341584440122107,0.04347560760034411,0.09890199094634532,4.745164403915405,0.017063454158295903,1.5706750075991394,2.9388157678253837,1.5706750075991394,5.912451860502641
2.9799999999999804,0.01,-0.4346434275989168,0.026341584440122107,0.04175158626821791,0.10471975511965992,4.7142651081085205,0.017498210234299344,1.5707984111151245,2.9345613234034906,1.5707984111151245,5.9418397590885235
2.9899999999999802,0.01,-0.4407425637717086,0.02789108940718816,0.046767956277999664,0.10471975511965992,4.68449179649353,0.017915726096981523,1.5709206927531265,2.9302148891275013,1.5709206927531265,5.971185117550852
2.99999999999998,0.01,-0.44647123045831233,0.02789108940718816,0.04488913489592986,0.11053751929297428,4.647851591110229,0.01838340565976152,1.5710418917458806,2.925807463489784,1.5710418917458806,6.000487015790567
3.00999999999998,0.01,-0.4540860325830063,0.02944059437425415,0.04975734921521682,0.11053751929297428,4.607877492904663,0.01883229700872082,1.5711620906898087,2.921342751185201,1.5711620906898087,6.029744843521879
3.0199999999999796,0.01,-0.46259995269781484,0.02944059437425415,0.04773733814489998,0.11053751929297428,4.570493278503418,0.019329870500872988,1.5712813088294344,2.9168018908593707,1.5712813088294344,6.0589580277718955
3.0299999999999794,0.01,-0.47034301653466554,0.02944059437425415,0.045498257430215225,0.11635528346628864,4.540024032592774,0.01980724388232199,1.5713996151080307,2.9121758913323927,1.5713996151080307,6.0881258067527595
3.039999999999979,0.01,-0.476098805673459,0.030990099341320135,0.05032284956549166,0.11635528346628864,4.50296028137207,0.02026222645662414,1.571517022975454,2.907472461167046,1.571517022975454,6.117247328993165
3.049999999999979,0.01,-0.483654597916048,0.030990099341320135,0.048275427981131984,0.11635528346628864,4.463309555053711,0.020765454952279057,1.5716336031894302,2.9027114731103114,1.5716336031894302,6.146321819879476
3.0599999999999787,0.01,-0.49190020845114757,0.030990099341320135,0.046010899750684855,0.12217304763960302,4.42999587059021,0.021248209232090375,1.5717494644555603,2.897874927131151,1.5717494644555603,6.175348703380458
3.0699999999999785,0.01,-0.4983261125134317,0.03253960430838613,0.05081127784333089,0.1279908118129176,4.40166934967041,0.021708318229597224,1.5718646416554183,2.8929559250466395,1.5718646416554183,6.204327223762669
3.0799999999999783,0.01,-0.5033061371202688,0.034089109275452174,0.055713559706347275,0.13380857598623197,4.3635068702697755,0.022216431008030533,1.5719792127568615,2.8879726639215053,1.5719792127568615,6.233256556141571
3.089999999999978,0.01,-0.511001674677366,0.035638614242518164,0.06039982455519434,0.13380857598623197,4.3310681819915775,0.022773566605094005,1.5720932840398507,2.8829396025503025,1.5720932840398507,6.262136057496306
3.099999999999978,0.01,-0.5170646705725398,0.035638614242518164,0.05789271436840872,0.13380857598623197,4.296204147338867,0.02337756485064595,1.5722068823287505,2.877829585803529,1.5722068823287505,6.290965229711687
3.1099999999999777,0.01,-0.5237605902272346,0.035638614242518164,0.055174722263424965,0.13962634015954634,4.264250707626343,0.02395649199433004,1.572319980032363,2.8726589390978035,1.572319980032363,6.31974330333384
3.1199999999999775,0.01,-0.529605165323306,0.037188119209584154,0.05954232246864352,0.13962634015954634,4.222412652969361,0.024508239216964288,1.5724325246358184,2.867421333195531,1.5724325246358184,6.348469672261188
3.1299999999999772,0.01,-0.5381772570858976,0.037188119209584154,0.0570594599667894,0.14544410433286092,4.189544525146484,0.025103662441650722,1.5725445446703876,2.8621252815422977,1.5725445446703876,6.377143666780932
3.139999999999977,0.01,-0.544202701884363,0.0387376241766502,0.06135282780749765,0.1512618685061753,4.157016620635987,0.025674257041318614,1.5726561239006802,2.8567435089714386,1.5726561239006802,6.405764702101125
3.149999999999977,0.01,-0.5500814516047868,0.04028712914371619,0.0657579244607891,0.1512618685061753,4.12600640296936,0.02628778531939359,1.572767283891602,2.851301481952595,1.572767283891602,6.43433192092028
3.1599999999999766,0.01,-0.5554990963401361,0.04028712914371619,0.0629970472094517,0.15707963267948966,4.092437362670898,0.02694536456400148,1.5728780988644362,2.845800667436547,1.5728780988644362,6.462844720399467
3.1699999999999764,0.01,-0.5615979389140767,0.04183663411078218,0.06701071296051314,0.16289739685280402,4.058479628562927,0.027575335036095997,1.5729885831134718,2.840245676473146,1.5729885831134718,6.491302512603166
3.179999999999976,0.01,-0.5677731098862678,0.04338613907784817,0.07114861818788477,0.1687151610261186,4.026537828445434,0.02824544216570113,1.5730987118308715,2.8346296970840053,1.5730987118308715,6.519704755858551
3.189999999999976,0.01,-0.5733472262856816,0.044935644044914215,0.07510590845645888,0.1687151610261186,3.991551537513733,0.028956928347579975,1.5732085299570122,2.8289519659851425,1.5732085299570122,6.548050840102027
3.1999999999999758,0.01,-0.5797367490872403,0.044935644044914215,0.07190422063800408,0.17453292519943298,3.9602148723602295,0.029707987432144565,1.573318037893042,2.8232184937222855,1.573318037893042,6.576340147810012
3.2099999999999755,0.01,-0.585070931972507,0.046485149011980205,0.07549722710926038,0.17453292519943298,3.917280902862549,0.030427029638524606,1.5734272076509865,2.8174211262314133,1.5734272076509865,6.604572121674648
3.2199999999999753,0.01,-0.5936140229373341,0.046485149011980205,0.0722615371805502,0.17453292519943298,3.88650682926178,0.03118200190961721,1.573535997814169,2.8115704169116884,1.573535997814169,6.6327461228983635
3.229999999999975,0.01,-0.5987203379537146,0.046485149011980205,0.06886416196063348,0.18616845354606193,3.855501561164856,0.03190461728142271,1.5736444564474568,2.8056342766823152,1.5736444564474568,6.660861617872668
3.239999999999975,0.01,-0.6038401288832294,0.04958415894611225,0.07955793749110293,0.18616845354606193,3.855501561164856,0.03259325890102904,1.5737525962783083,2.7996470733027783,1.5737525962783083,6.68891775223267
3.2499999999999747,0.01,-0.6002478068555072,0.04958415894611225,0.07645905020287441,0.1919862177193763,3.79290011882782,0.03338883827594007,1.5738605010309494,2.793608672013946,1.5738605010309494,6.716914015020222
3.2599999999999745,0.01,-0.6141531699365781,0.05113366391317824,0.07985171536757174,0.19780398189269063,3.7580122566223144,0.03415342877796882,1.5739682931756345,2.787606193945391,1.5739682931756345,6.744849893780137
3.2699999999999743,0.01,-0.6203202845129866,0.05268316888024421,0.08338383046023927,0.2094395102393196,3.730191383361817,0.03495194593164454,1.5740759340475126,2.7814646622460253,1.5740759340475126,6.77272574789611
3.279999999999974,0.01,-0.6244252100063064,0.055782178814376256,0.09373604797229274,0.20362174606600525,3.6912795448303224,0.03578578423624693,1.5741834453136252,2.7752614594008955,1.5741834453136252,6.800540186737474
3.289999999999974,0.01,-0.631598603088047,0.05423267384731027,0.08301100324978503,0.2094395102393196,3.662797212600708,0.03672314471596986,1.574290823122951,2.7690172073008323,1.574290823122951,6.828292593602639
3.2999999999999736,0.01,-0.6358271048523012,0.055782178814376256,0.08576565344282878,0.2094395102393196,3.662797212600708,0.03755325474846771,1.5743980381280902,2.762701221269952,1.5743980381280902,6.855982558109216
3.3099999999999734,0.01,-0.632037513233773,0.055782178814376256,0.08203015829658844,0.22107503858594835,3.592735376358032,0.038410911282896,1.574504954263622,2.756342950221429,1.574504954263622,6.883609363439196
3.319999999999973,0.01,-0.6478398647526085,0.05888118874850824,0.0921162485952551,0.2268928027592629,3.5661524677276613,0.039231212865861884,1.5746116535029608,2.7500225750890914,1.5746116535029608,6.911172586421929
3.329999999999973,0.01,-0.6514908540897097,0.06043069371557428,0.09539766382370579,0.23852833110589167,3.5415013790130616,0.040152375351814436,1.5747181772023722,2.7435441764415653,1.5747181772023722,6.938672605859221
3.3399999999999728,0.01,-0.6545061197412819,0.06352970364970627,0.10519797734051324,0.23852833110589167,3.5072998142242433,0.04110635199005149,1.5748246020653027,2.737029267900668,1.5748246020653027,6.966107841206438
3.3499999999999726,0.01,-0.6601736127576127,0.06352970364970627,0.1009050824684465,0.24434609527920623,3.474207167625427,0.042158331763456625,1.5749308702355036,2.730484206703255,1.5749308702355036,6.99347792758574
3.3599999999999723,0.01,-0.6655125170868333,0.06507920861677231,0.10314394583992059,0.24434609527920623,3.474207167625427,0.04316738258814109,1.5750369146754233,2.723882470575679,1.5750369146754233,7.020782563728387
3.369999999999972,0.01,-0.6615514754102877,0.06507920861677231,0.09860321712884051,0.255981623625835,3.4107742500305176,0.04419882204654029,1.575142578802884,2.717227345404811,1.575142578802884,7.048021183488631
3.379999999999972,0.01,-0.6753196172343415,0.0681782185509043,0.10790728426963801,0.26761715197246394,3.386134648323059,0.045184854217828696,1.575247843501794,2.710611830650708,1.575247843501794,7.0751932530455255
3.3899999999999717,0.01,-0.6782493968599682,0.07127722848503633,0.11741568420243434,0.27925268031909267,3.3630326223373412,0.046263927060525074,1.5753526974203858,2.7038586344783644,1.5753526974203858,7.10229916854938
3.3999999999999715,0.01,-0.680666046432563,0.07437623841916831,0.12650540111389455,0.27925268031909267,3.324602870941162,0.047438083902549416,1.575457200872117,2.6970761405097647,1.575457200872117,7.129337552941812
3.4099999999999713,0.01,-0.6873568804423335,0.07437623841916831,0.12122169532478502,0.2908882086657216,3.3019868659973146,0.04870313791368836,1.5755613027543236,2.690269480045439,1.5755613027543236,7.156308113439674
3.419999999999971,0.01,-0.6896053655480153,0.07747524835330034,0.12947449697825392,0.3025237370123506,3.284835066795349,0.04991535486693621,1.5756648667732085,2.683395911241016,1.5756648667732085,7.183210608900511
3.429999999999971,0.01,-0.6902837280419118,0.08057425828743238,0.13796506539223274,0.3025237370123506,3.243686246871948,0.05121009983671875,1.5757677122100475,2.6764998575855357,1.5757677122100475,7.210044370926411
3.4399999999999706,0.01,-0.6976677654271758,0.08057425828743238,0.1321387130282113,0.3199770295322937,3.230857138633728,0.05258975049064108,1.5758698346391444,2.6695970203051167,1.5758698346391444,7.2368091746763925
3.4499999999999704,0.01,-0.6971182133656262,0.08522277318863035,0.14684860214095172,0.33161255787892263,3.210851993560791,0.05391113762092319,1.575971161779397,2.662620342650845,1.575971161779397,7.263504952580265
3.45999999999997,0.01,-0.6985336473934854,0.08832178312276238,0.15484790475827637,0.33161255787892263,3.1729639959335327,0.05537962364233271,1.5760715736277235,2.655649160517189,1.5760715736277235,7.290130966671197
3.46999999999997,0.01,-0.704959577448924,0.08832178312276238,0.14823971766193353,0.34906585039886595,3.153704595565796,0.05692810268991547,1.5761711260110625,2.648663824043254,1.5761711260110625,7.3166872716795845
3.47999999999997,0.01,-0.7061610076675295,0.09297029802396041,0.16218987900320223,0.3548836145721803,3.124387974739075,0.05841049986653481,1.57626970577753,2.641614228268765,1.57626970577753,7.343173726468952
3.4899999999999696,0.01,-0.7101399040343179,0.0945198029910264,0.16249186406021215,0.3607013787454949,3.0982444429397584,0.06003239865656683,1.5763671859934376,2.6345526181920897,1.5763671859934376,7.369589688891447
3.4999999999999694,0.01,-0.7132231268921214,0.09606930795809246,0.16216609185686534,0.3839724354387526,3.0944146060943605,0.06165731729716895,1.5764636383650352,2.6274512191517467,1.5764636383650352,7.395935038514147
3.509999999999969,0.01,-0.7100346417846272,0.10226732782635647,0.18274504738134384,0.378154671265438,3.0501834678649904,0.06327897821573761,1.5765589821815245,2.6203189878828255,1.5765589821815245,7.422209377715331
3.519999999999969,0.01,-0.7181400217274979,0.10071782285929042,0.16847480089598763,0.4014257279586959,3.049152355194092,0.06510642868955105,1.5766532259519215,2.613218641464979,1.5766532259519215,7.448412398112561
3.5299999999999687,0.01,-0.7141685254246418,0.1069158427275545,0.18814236317101551,0.4188790204786392,3.0345166635513308,0.06679117669851092,1.5767464452280462,2.606037241247704,1.5767464452280462,7.474544418259817
3.5399999999999685,0.01,-0.7139576789542498,0.11156435762875251,0.20147931418608714,0.4246967846519536,3.006567268371582,0.06867260033022107,1.5768384669952364,2.5988955559934577,1.5768384669952364,7.5006046282027805
3.5499999999999683,0.01,-0.7174984984520316,0.11311386259581852,0.19998568019518848,0.4479678413452115,3.007727556228638,0.07068739347208194,1.576929445127679,2.5917559792039153,1.576929445127679,7.526593424521111
3.559999999999968,0.01,-0.7128898717783306,0.11931188246408259,0.2188102004640029,0.4479678413452115,2.96957040309906,0.07268725027403383,1.5770192721943894,2.584580994219395,1.5770192721943894,7.552510828647914
3.569999999999968,0.01,-0.7192688836639003,0.11931188246408259,0.2098108448552194,0.47705666221178333,2.983692078590393,0.07487535227867387,1.5771077651030814,2.577452095501612,1.5771077651030814,7.578356487095188
3.5799999999999677,0.01,-0.7110374752956572,0.12705940729941254,0.234828247593324,0.4828744263850977,2.957466554641724,0.07697346072722606,1.5771949056306631,2.570259406664973,1.5771949056306631,7.604130860744008
3.5899999999999674,0.01,-0.714065008699301,0.12860891226647853,0.23235953192663608,0.5003277189050412,2.949827275276184,0.07932174320315931,1.577280498612753,2.5631490319120163,1.577280498612753,7.62983331229238
3.5999999999999672,0.01,-0.7119377820698782,0.1332574271676766,0.24271057784032785,0.5003277189050412,2.949827275276184,0.08164533852242567,1.5773646345074432,2.5560083818250234,1.5773646345074432,7.655464664522225
3.609999999999967,0.01,-0.7076533920176825,0.1332574271676766,0.2322543989036292,0.5352343039449279,2.9453401613235473,0.08407244430082896,1.5774471088847366,2.548889004004325,1.5774471088847366,7.681024615280649
3.619999999999967,0.01,-0.7046381572320016,0.14255445697007266,0.26316905701159665,0.5701408889848145,2.981792502403259,0.08639498828986525,1.5775279187272977,2.541812470084148,1.5775279187272977,7.706513377220821
3.6299999999999666,0.01,-0.6901855813775761,0.1518514867724687,0.2945542431717156,0.5701408889848145,2.938048462867737,0.08902667885998121,1.577607016284977,2.534766088511828,1.577607016284977,7.731931378851239
3.6399999999999664,0.01,-0.6982060835041304,0.1518514867724687,0.2827116356061937,0.6108652381980155,2.997004632949829,0.09197222129169837,1.5776845921251657,2.527864232698052,1.5776845921251657,7.757278921026684
3.649999999999966,0.01,-0.6775572423928791,0.16269802154193075,0.3182661011260457,0.6108652381980155,2.955508041381836,0.0947993376477603,1.577760452488171,2.520882171863011,1.577760452488171,7.782557449526197
3.659999999999966,0.01,-0.6849870515308923,0.16269802154193075,0.305544077523767,0.6108652381980155,2.955508041381836,0.09798199865902076,1.5778341254483461,2.514106599439082,1.5778341254483461,7.807766163589723
3.6699999999999657,0.01,-0.680921708076535,0.16269802154193075,0.291222102973095,0.6632251157578453,3.0154183959960936,0.10103743943425843,1.5779056082465288,2.507256728923773,1.5779056082465288,7.832907127961518
3.6799999999999655,0.01,-0.6600368864753574,0.17664356624552477,0.34022757065069853,0.7097672291443606,3.115806188583374,0.10394966046398937,1.5779745120167237,2.5004475118430074,1.5779745120167237,7.857979600570813
3.6899999999999653,0.01,-0.6278427743024597,0.1890396059820528,0.3829047548312854,0.7214027574909894,3.1112885665893555,0.10735193617049636,1.5780409106774007,2.493847142978254,1.5780409106774007,7.882983987529226
3.699999999999965,0.01,-0.6251474871419327,0.19213861591618478,0.3815400588555979,0.7621271067041908,3.2136576557159424,0.11118098371880922,1.5781051811483815,2.4875687152352293,1.5781051811483815,7.907922376141176
3.709999999999965,0.01,-0.5927170855406737,0.20298515068564696,0.4131187513507698,0.797033691744077,3.305498423576355,0.1149963843073652,1.5781670314036442,2.48131724036381,1.5781670314036442,7.932797986401984
3.7199999999999647,0.01,-0.5632507856169066,0.21228218048804287,0.43778608281304954,0.8144869842640206,3.336500072479248,0.1191275718208729,1.5782257953227692,2.475390069508403,1.5782257953227692,7.957611089221553
3.7299999999999645,0.01,-0.5510140214108523,0.21693069538924098,0.44011405605765636,0.8610290976505359,3.5154669761657713,0.12350543264900339,1.5782812603860095,2.469757561652234,1.5782812603860095,7.982364927777398
3.7399999999999642,0.01,-0.4975237836649244,0.229326735125769,0.47619586114544527,0.8843001543437938,3.5880450630187988,0.12790657320957996,1.5783330304980583,2.4642474214381256,1.5783330304980583,8.007062449134597
3.749999999999964,0.01,-0.4738958352176117,0.23552475499403308,0.48428181803003906,0.9250245035569948,3.7902892446517944,0.1326685318210344,1.5783807026189098,2.459272183601476,1.5783807026189098,8.031704877236864
3.759999999999964,0.01,-0.4142823216583832,0.24637128976349512,0.5116624107410732,0.9715666169435102,4.078619456291198,0.1375113500013348,1.5784242635792989,2.4545332252493,1.5784242635792989,8.056297560493197
3.7699999999999636,0.01,-0.3307064873880446,0.2587673295000231,0.5456519077440974,1.0064732019833968,4.333913073539734,0.14262797410874553,1.5784634056251101,2.4503904020327165,1.5784634056251101,8.080842861536075
3.7799999999999634,0.01,-0.2567385806285043,0.2680643593024192,0.5644637333715314,1.0413797870232837,4.640546627044678,0.1480844931861865,1.5784981294835536,2.447083337158836,1.5784981294835536,8.105346740953243
3.789999999999963,0.01,-0.1688969467227918,0.27736138910481534,0.5817460316338298,1.0879219004097989,5.2014589023590085,0.1537291305199018,1.5785283394888685,2.444515951352551,1.5785283394888685,8.129817555677228
3.799999999999963,0.01,-0.010301078151008268,0.2897574288413433,0.6121273424464868,1.1402817779696286,6.086429982185364,0.1595465908362401,1.578553754808433,2.442826981885323,1.578553754808433,8.154262701978759
3.8099999999999627,0.01,0.2385042058807082,0.3037029735449373,0.6487037221891374,1.1810061271828296,6.803647756576538,0.16566786426070496,1.578574256755927,2.442723971103813,1.578574256755927,8.178690963194262
3.8199999999999625,0.01,0.4393869891791429,0.3145495083143994,0.6699673982416249,1.2217304763960306,7.472053813934326,0.17215490148259632,1.5785899398850738,2.44510901316262,1.5785899398850738,8.203118197870745
3.8299999999999623,0.01,0.6251096600040393,0.3253960430838614,0.6895851372056928,1.2740903539558608,8.248983936309815,0.17885457546501257,1.5786008372854297,2.449502883054411,1.5786008372854297,8.227569285573987
3.839999999999962,0.01,0.8400137723341013,0.33934158778745555,0.7221915554509933,1.2973614106491185,8.502525262832641,0.1857504268370695,1.5786066328256363,2.4557539796544514,1.5786066328256363,8.252064313718916
3.849999999999962,0.01,0.9072546858004688,0.34553960765571956,0.7190513136839253,1.2973614106491185,8.467872495651244,0.19297234239157943,1.5786072210452435,2.4641541173777926,1.5786072210452435,8.276621853508416
3.8599999999999617,0.01,0.8925118283556729,0.34553960765571956,0.6865526936886306,1.3031791748224326,8.468064031600953,0.20016285552841867,1.5786028668404475,2.4732266642357974,1.5786028668404475,8.301263394297496
3.8699999999999615,0.01,0.8871219303067883,0.34708911262278547,0.6611681569246506,1.308996938995747,8.480534791946411,0.20702838246530497,1.5785936785241046,2.482151782519354,1.5785936785241046,8.325995659233072
3.8799999999999613,0.01,0.8852586722333827,0.3486386175898515,0.6372460580604593,1.308996938995747,8.496075639724731,0.2136400640345515,1.5785805557397836,2.491023001822422,1.5785805557397836,8.35081717358935
3.889999999999961,0.01,0.8842873780294714,0.3486386175898515,0.60749349099885,1.3148147031690618,8.476876516342163,0.22001252461515608,1.5785656441182312,2.499875588544756,1.5785656441182312,8.375727399144418
3.899999999999961,0.01,0.873600071448952,0.35018812255691756,0.5857901907379266,1.3148147031690618,8.479765691757201,0.22608745952514459,1.5785517794358415,2.5087184623250507,1.5785517794358415,8.400726151185086
3.9099999999999606,0.01,0.8691033162969859,0.35018812255691756,0.5584529836429784,1.3206324673423762,8.455869131088257,0.23194536143252384,1.5785421718919053,2.5174544630395403,1.5785421718919053,8.425813333968655
3.9199999999999604,0.01,0.8571706788809876,0.3517376275239836,0.5390651974115688,1.3206324673423762,8.452086029052735,0.23752989126895363,1.5785402511660636,2.5261454962025103,1.5785402511660636,8.450987878525778
3.92999999999996,0.01,0.8508967904132595,0.3517376275239836,0.5139348131476348,1.3264502315156903,8.488213748931885,0.24292054324306933,1.5785494586489752,2.5347172029913203,1.5785494586489752,8.476249331809797
3.93999999999996,0.01,0.8558695279061357,0.3532871324910495,0.4966496516159107,1.3264502315156903,8.4738178730011,0.24805989137454568,1.5785731666596627,2.543226170895453,1.5785731666596627,8.501596492752281
3.9499999999999598,0.01,0.8467333019030359,0.3532871324910495,0.47352258502426714,1.3264502315156903,8.477806978225708,0.2530263878907048,1.5786145468546509,2.5517848661745144,1.5786145468546509,8.527028720796874
3.9599999999999596,0.01,0.8427150341984896,0.3532871324910495,0.45117335070155107,1.332267995689005,8.472108335494996,0.25776161374094747,1.5786766042336744,2.560252199193545,1.5786766042336744,8.552546493999202
3.9699999999999593,0.01,0.836039014422472,0.35483663745811556,0.43683760672725636,1.332267995689005,8.464177989959717,0.262273347247963,1.5787619449562384,2.56867934953553,1.5787619449562384,8.5781488737579
3.979999999999959,0.01,0.8287622274674029,0.35483663745811556,0.4165348059456866,1.3380857598623193,8.455411701202392,0.26664172331523556,1.5788729743036547,2.5770397396797544,1.5788729743036547,8.603835427293886
3.989999999999959,0.01,0.8212914325288171,0.3563861424251815,0.4038498859947568,1.3380857598623193,8.472813367843628,0.2708070713746924,1.5790118298575382,2.5853273619544286,1.5790118298575382,8.629605450598572
3.9999999999999587,0.01,0.8211913258235587,0.3563861424251815,0.38510581972720104,1.3380857598623193,8.442650241851807,0.27484557023463996,1.5791803004769591,2.593540276279717,1.5791803004769591,8.655458175300184
4.009999999999959,0.01,0.8078179019506757,0.3563861424251815,0.366932574857437,1.3439035240356336,8.442989282608032,0.27869662843191195,1.5793799435641482,2.6017521895379523,1.5793799435641482,8.681392809654774
4.019999999999959,0.01,0.8029856854074775,0.35793564739224754,0.3565755853215101,1.3439035240356336,8.442989282608032,0.2823659541804863,1.5796120208734898,2.609830368557459,1.5796120208734898,8.707409296460241
4.0299999999999585,0.01,0.7981387779957735,0.35793564739224754,0.34006361945292546,1.3439035240356336,8.46461742401123,0.28593171003370144,1.5798775285747813,2.6178602254115337,1.5798775285747813,8.73350624955682
4.039999999999958,0.01,0.7993767434762243,0.35793564739224754,0.3240177181134575,1.3497212882089484,8.47179277420044,0.2893323462282307,1.5801773285557537,2.6258416131914917,1.5801773285557537,8.759683135084908
4.049999999999958,0.01,0.7965970088612281,0.3594851523593136,0.31568762758987323,1.3497212882089484,8.474472532272339,0.29257252340936524,1.5805119914418722,2.633835380626254,1.5805119914418722,8.78593941849497
4.059999999999958,0.01,0.7925510806605024,0.3594851523593136,0.3011068302747677,1.3497212882089484,8.469406032562256,0.29572939968526396,1.5808819476603058,2.641801350714866,1.5808819476603058,8.812275173916454
4.069999999999958,0.01,0.786352878688512,0.3594851523593136,0.2869008870332234,1.3497212882089484,8.466330528259277,0.2987404679880116,1.5812874368302317,2.6497268615214713,1.5812874368302317,8.838690075320718
4.079999999999957,0.01,0.780736430999715,0.3594851523593136,0.2733510796708589,1.3555390523822628,8.477632608413696,0.3016094768583439,1.581728466581366,2.657590390308356,1.581728466581366,8.86518367335544
4.089999999999957,0.01,0.7791828961708211,0.3610346573263796,0.2674133121061608,1.3555390523822628,8.438511238098144,0.30434298765505247,1.5822049436207675,2.665397754618353,1.5822049436207675,8.891755305557789
4.099999999999957,0.01,0.7635444938964685,0.3610346573263796,0.2551125135209722,1.3555390523822628,8.478985967636108,0.3070171207761141,1.5827166964900563,2.6731895835800614,1.5827166964900563,8.918404369857182
4.109999999999957,0.01,0.7702023207900733,0.3610346573263796,0.2430789144761949,1.3555390523822628,8.441885385513306,0.3095682459113238,1.5832634827891114,2.6808250285190263,1.5832634827891114,8.945130673000701
4.119999999999957,0.01,0.7552328908323099,0.3610346573263796,0.23159885136775116,1.3555390523822628,8.447488689422608,0.3119990350560858,1.5838448150513134,2.688527051726927,1.5838448150513134,8.971932619500057
4.129999999999956,0.01,0.7521806020021741,0.3610346573263796,0.2206603002163223,1.3613568165555772,8.44807894706726,0.3143150235697633,1.5844603057940536,2.69607938063525,1.5844603057940536,8.998810843807707
4.139999999999956,0.01,0.747814476797683,0.3625841622934456,0.21721112425657021,1.3613568165555772,8.44807894706726,0.31652162657192656,1.5851093552742428,2.703601186655272,1.5851093552742428,9.02576382392941
4.149999999999956,0.01,0.7433013931856698,0.3625841622934456,0.20728141074683562,1.3613568165555772,8.445594539642334,0.3186937378144923,1.5857914278968488,2.711079331423249,1.5857914278968488,9.052791230660095
4.159999999999956,0.01,0.7381188722459042,0.3625841622934456,0.19750691015528987,1.3613568165555772,8.476023168563843,0.32076655192196063,1.5865059102227261,2.718512345355106,1.5865059102227261,9.079892607546391
4.1699999999999555,0.01,0.7421790799848127,0.3625841622934456,0.18817924667168232,1.3613568165555772,8.46387858390808,0.3227416210235135,1.5872520473760485,2.725893534077565,1.5872520473760485,9.107067489635064
4.179999999999955,0.01,0.7343498830477236,0.3625841622934456,0.17929143571469439,1.3613568165555772,8.433518867492676,0.32462341349023033,1.5880290681447844,2.733315324877413,1.5880290681447844,9.134315348168121
4.189999999999955,0.01,0.7213960879715015,0.3625841622934456,0.17082336961446867,1.3613568165555772,8.44733320236206,0.3264163278473773,1.5888362349961067,2.74065882370789,1.5888362349961067,9.161636580720755
4.199999999999955,0.01,0.7208580024366428,0.3625841622934456,0.16275525500730736,1.3613568165555772,8.44733320236206,0.328124561543522,1.5896726902182008,2.747872784587605,1.5896726902182008,9.189030401583464
4.209999999999955,0.01,0.7165296259088137,0.3625841622934456,0.1550682033746562,1.3613568165555772,8.458630542755127,0.32975211409359506,1.5905375748642128,2.755081364611972,1.5905375748642128,9.216495515065422
4.2199999999999545,0.01,0.7153677332042525,0.3625841622934456,0.14774421689932737,1.3613568165555772,8.436824111938476,0.33130279612734165,1.591430130103851,2.76224666087106,1.591430130103851,9.244031866997139
4.229999999999954,0.01,0.7049627548201375,0.3625841622934456,0.14076614774746773,1.3613568165555772,8.453581686019897,0.3327802382963349,1.5923495234384881,2.7694003382031025,1.5923495234384881,9.271639028702854
4.239999999999954,0.01,0.7053626691637096,0.3625841622934456,0.13411765798699807,1.3613568165555772,8.467496395111084,0.3341878997738096,1.5932949212647944,2.7764499657513038,1.5932949212647944,9.299316890727836
4.249999999999954,0.01,0.7050290111803214,0.3625841622934456,0.12778318133836203,1.3613568165555772,8.4577281665802,0.33552907635367957,1.5942654104214289,2.783503592442941,1.5942654104214289,9.327064423807894
4.259999999999954,0.01,0.6980617311766913,0.3625841622934456,0.1217478867289471,1.3613568165555772,8.4577281665802,0.3368069081670632,1.5952601689370751,2.790553882554744,1.5952601689370751,9.354881678891921
4.269999999999953,0.01,0.6938315571096095,0.3625841622934456,0.11599764356872069,1.3555390523822628,8.47387565612793,0.33802438703435267,1.5962783234196793,2.797534499866511,1.5962783234196793,9.382768637467457
4.279999999999953,0.01,0.6941644837959138,0.3610346573263796,0.10354621631412131,1.3555390523822628,8.4520135307312,0.3391843634700399,1.5973189408857666,2.8044728154376073,1.5973189408857666,9.41072462149742
4.289999999999953,0.01,0.6838800993421716,0.3610346573263796,0.09832632235352884,1.3555390523822628,8.469196329116821,0.3402198256331811,1.5983811338058835,2.8114144602755666,1.5983811338058835,9.43874922717624
4.299999999999953,0.01,0.6845262959873698,0.3610346573263796,0.0936667426193934,1.3555390523822628,8.421364183425903,0.3412030888567164,1.599464043383547,2.8182532612689886,1.599464043383547,9.466842508109432
4.3099999999999525,0.01,0.6670300145978597,0.3610346573263796,0.08924205811348448,1.3497212882089484,8.451131067276002,0.3421397562829103,1.600566814232595,2.825098524228862,1.600566814232595,9.495003456973414
4.319999999999952,0.01,0.6712575842999632,0.3594851523593136,0.07805428234381478,1.3497212882089484,8.451131067276002,0.3430321768640452,1.6016886761260904,2.8317688243748407,1.6016886761260904,9.523232158556235
4.329999999999952,0.01,0.6672554042123761,0.3594851523593136,0.07403838972870788,1.3497212882089484,8.450740375518798,0.34381271968748334,1.602828695993623,2.8384814002178405,1.602828695993623,9.55152688990629
4.339999999999952,0.01,0.6631184650145591,0.3594851523593136,0.07052594702323622,1.3497212882089484,8.45207550048828,0.3445531035847704,1.6039861503153223,2.845153954259964,1.6039861503153223,9.579888095195054
4.349999999999952,0.01,0.6594887675807402,0.3594851523593136,0.06719421948544432,1.3497212882089484,8.452583675384522,0.3452583630550028,1.6051602570824917,2.8517851389101097,1.6051602570824917,9.608315398543128
4.3599999999999515,0.01,0.6556523457616005,0.3594851523593136,0.06402055186939867,1.3497212882089484,8.452301330566407,0.34593030524985724,1.6063501972723015,2.858380026585917,1.6063501972723015,9.636808413304566
4.369999999999951,0.01,0.6516163566070436,0.3594851523593136,0.06099681199255366,1.3497212882089484,8.455828838348388,0.3465705107685512,1.607555130340484,2.864936550043533,1.607555130340484,9.665366805660224
4.379999999999951,0.01,0.6486701447114288,0.3594851523593136,0.058115887158430746,1.3497212882089484,8.455828838348388,0.34718047888847675,1.6087741994275746,2.8714527136096035,1.6087741994275746,9.693990222893992
4.389999999999951,0.01,0.6447604465717865,0.3594851523593136,0.05537103061876586,1.3497212882089484,8.453421640396119,0.3477616377600611,1.6100065448972825,2.877939415056718,1.6100065448972825,9.722678293468586
4.399999999999951,0.01,0.6401944102768826,0.3594851523593136,0.05275581569663637,1.3497212882089484,8.451827993392945,0.34831534806624875,1.611251321732984,2.884387019522436,1.611251321732984,9.75143075524672
4.40999999999995,0.01,0.635879626436563,0.3594851523593136,0.05026411931879185,1.3497212882089484,8.45577268600464,0.3488429062232151,1.6125076853722682,2.8907889636252047,1.6125076853722682,9.780247250492408
4.41999999999995,0.01,0.6331429739061761,0.3594851523593136,0.047890107612443195,1.3497212882089484,8.455949420928954,0.34934554741640306,1.6137748088720008,2.8971477598895703,1.6137748088720008,9.809127355777157
4.42999999999995,0.01,0.629377181926365,0.3594851523593136,0.04562822224309748,1.3497212882089484,8.45213583946228,0.3498244484925275,1.6150518961850242,2.9034791896286323,1.6150518961850242,9.838070672143086
4.43999999999995,0.01,0.6245105212722588,0.3594851523593136,0.04347316740053761,1.3497212882089484,8.45213583946228,0.35028073071495847,1.6163381875548333,2.9097729614478958,1.6163381875548333,9.867076957582153
4.4499999999999496,0.01,0.6207342581807007,0.3594851523593136,0.04141989739959814,1.3497212882089484,8.457561159133911,0.35071546238896384,1.6176329320884164,2.916018066660618,1.6176329320884164,9.89614586718176
