{"fmus":{"{model}":"file:////home/malthet/into-cps-projects/f1tenth/FMUs/model.fmu","{controller}":"file:////home/malthet/into-cps-projects/f1tenth/FMUs/controller.fmu","{mq-networked}":"file:////home/malthet/into-cps-projects/f1tenth/FMUs/rabbitmq-networked.fmu","{mq-local}":"file:////home/malthet/into-cps-projects/f1tenth/FMUs/rabbitmq-local.fmu"},"connections":{"{controller}.c.acceleration":["{model}.m.acceleration","{mq-local}.l.acceleration"],"{controller}.c.steer_angle_vel":["{model}.m.steer_angle_vel","{mq-local}.l.steer_angle_vel"],"{controller}.c.desired_steer_angle":["{mq-networked}.n.desired_steer_angle"],"{controller}.c.desired_velocity":["{mq-networked}.n.desired_velocity"],"{model}.m.steer_angle":["{controller}.c.steer_angle"],"{model}.m.velocity":["{controller}.c.velocity"],"{mq-local}.l.angle":["{controller}.c.angle"],"{mq-local}.l.distance":["{controller}.c.distance"]},"parameters":{"{controller}.c.kp_angle":4.5,"{controller}.c.kp_speed":0.6},"liveGraphColumns":1,"liveGraphVisibleRowCount":1,"logVariables":{},"algorithm":{"type":"fixed-step","size":0.01},"parallelSimulation":false,"stabalizationEnabled":false,"global_absolute_tolerance":0,"global_relative_tolerance":0.01,"simulationProgramDelay":true,"convergenceAttempts":5,"livestream":{"{model}.m":["velocity"],"{mq-networked}.n":["velocity_s"]}}