{"fmus":{"{controller}":"file:////home/malthet/into-cps-projects/f1tenth/FMUs/controller.fmu","{kf}":"file:////home/malthet/into-cps-projects/f1tenth/FMUs/kalman_filter.fmu","{model}":"file:////home/malthet/into-cps-projects/f1tenth/FMUs/model.fmu","{lidar}":"file:////home/malthet/into-cps-projects/f1tenth/FMUs/rabbitmq-lidar.fmu","{odom}":"file:////home/malthet/into-cps-projects/f1tenth/FMUs/rabbitmq-odom.fmu"},"connections":{"{controller}.c.acceleration":["{model}.m.acceleration","{kf}.kf.acceleration","{lidar}.l.acceleration"],"{controller}.c.desired_angle":["{odom}.o.desired_steer_angle"],"{controller}.c.steer_angle_vel":["{lidar}.l.steer_angle_vel","{model}.m.steer_angle_vel","{kf}.kf.steer_angel_velocity"],"{model}.m.steer_angle":["{controller}.c.steer_angle"],"{model}.m.velocity":["{controller}.c.velocity"],"{lidar}.l.angle":["{controller}.c.angle"],"{lidar}.l.distance":["{controller}.c.distance"],"{odom}.o.steer_angle_s":["{kf}.kf.steer_angle_s"],"{odom}.o.theta_s":["{kf}.kf.theta_s"],"{odom}.o.velocity_s":["{kf}.kf.velocity_s"],"{odom}.o.x_s":["{kf}.kf.x_s"],"{odom}.o.y_s":["{kf}.kf.y_s"]},"parameters":{"{controller}.c.kp_angle":4.5,"{controller}.c.kp_speed":0.6},"liveGraphColumns":1,"liveGraphVisibleRowCount":1,"logVariables":{"{controller}.c":["acceleration","steer_angle_vel","desired_angle"],"{model}.m":["steer_angle","theta","velocity","x","y"],"{kf}.kf":["steer_angle_p","theta_p","x_p","velocity_p","y_p"],"{lidar}.l":["angle","distance"],"{odom}.o":["steer_angle_s","theta_s","velocity_s","x_s","y_s"]},"algorithm":{"type":"fixed-step","size":0.01},"parallelSimulation":true,"stabalizationEnabled":false,"global_absolute_tolerance":0,"global_relative_tolerance":0.01,"simulationProgramDelay":true,"convergenceAttempts":5,"livestream":{"{model}.m":["velocity"]}}